,jams_file,audio_file
0,weimar_1.jams,weimar_1.flac
1,weimar_10.jams,weimar_10.flac
2,weimar_100.jams,weimar_100
3,weimar_101.jams,weimar_101
4,weimar_102.jams,weimar_102
5,weimar_103.jams,weimar_103.flac
6,weimar_104.jams,weimar_104
7,weimar_105.jams,weimar_105
8,weimar_106.jams,weimar_106.flac
9,weimar_107.jams,weimar_107
10,weimar_108.jams,weimar_108
11,weimar_109.jams,weimar_109
12,weimar_11.jams,weimar_11
13,weimar_110.jams,weimar_110
14,weimar_111.jams,weimar_111
15,weimar_112.jams,weimar_112
16,weimar_113.jams,weimar_113
17,weimar_114.jams,weimar_114
18,weimar_115.jams,weimar_115.flac
19,weimar_116.jams,weimar_116.flac
20,weimar_117.jams,weimar_117.flac
21,weimar_118.jams,weimar_118.flac
22,weimar_119.jams,weimar_119.flac
23,weimar_12.jams,weimar_12
24,weimar_120.jams,weimar_120.flac
25,weimar_121.jams,weimar_121.flac
26,weimar_122.jams,weimar_122
27,weimar_123.jams,weimar_123
28,weimar_124.jams,weimar_124.flac
29,weimar_125.jams,weimar_125
30,weimar_126.jams,weimar_126
31,weimar_127.jams,weimar_127
32,weimar_128.jams,weimar_128
33,weimar_129.jams,weimar_129
34,weimar_13.jams,weimar_13.flac
35,weimar_130.jams,weimar_130
36,weimar_131.jams,weimar_131
37,weimar_132.jams,weimar_132
38,weimar_133.jams,weimar_133
39,weimar_134.jams,weimar_134
40,weimar_135.jams,weimar_135
41,weimar_136.jams,weimar_136
42,weimar_137.jams,weimar_137
43,weimar_138.jams,weimar_138
44,weimar_139.jams,weimar_139
45,weimar_14.jams,weimar_14
46,weimar_140.jams,weimar_140
47,weimar_141.jams,weimar_141
48,weimar_142.jams,weimar_142
49,weimar_143.jams,weimar_143
50,weimar_144.jams,weimar_144
51,weimar_145.jams,weimar_145
52,weimar_146.jams,weimar_146
53,weimar_147.jams,weimar_147
54,weimar_148.jams,weimar_148
55,weimar_149.jams,weimar_149
56,weimar_15.jams,weimar_15.flac
57,weimar_150.jams,weimar_150
58,weimar_151.jams,weimar_151.flac
59,weimar_152.jams,weimar_152
60,weimar_153.jams,../ELKA/partitions/weimar/choco/audio/weimar_153.flac
61,weimar_154.jams,weimar_154
62,weimar_155.jams,weimar_155
63,weimar_156.jams,weimar_156.flac
64,weimar_157.jams,weimar_157.flac
65,weimar_158.jams,weimar_158.flac
66,weimar_159.jams,weimar_159
67,weimar_16.jams,weimar_16
68,weimar_160.jams,weimar_160
69,weimar_161.jams,weimar_161
70,weimar_162.jams,weimar_162.flac
71,weimar_163.jams,weimar_163
72,weimar_164.jams,weimar_164
73,weimar_165.jams,weimar_165
74,weimar_166.jams,weimar_166
75,weimar_167.jams,weimar_167.flac
76,weimar_168.jams,weimar_168
77,weimar_169.jams,weimar_169
78,weimar_17.jams,weimar_17
79,weimar_170.jams,weimar_170
80,weimar_171.jams,weimar_171
81,weimar_172.jams,weimar_172.flac
82,weimar_173.jams,weimar_173.flac
83,weimar_174.jams,weimar_174.flac
84,weimar_175.jams,weimar_175.flac
85,weimar_176.jams,weimar_176.flac
86,weimar_177.jams,weimar_177.flac
87,weimar_178.jams,weimar_178.flac
88,weimar_179.jams,weimar_179
89,weimar_18.jams,weimar_18
90,weimar_180.jams,weimar_180.flac
91,weimar_181.jams,weimar_181.flac
92,weimar_182.jams,weimar_182
93,weimar_183.jams,
94,weimar_184.jams,weimar_184
95,weimar_185.jams,weimar_185
96,weimar_186.jams,weimar_186
97,weimar_187.jams,weimar_187
98,weimar_188.jams,weimar_188
99,weimar_189.jams,
100,weimar_19.jams,weimar_19
101,weimar_190.jams,weimar_190
102,weimar_191.jams,weimar_191.flac
103,weimar_192.jams,weimar_192.flac
104,weimar_193.jams,weimar_193
105,weimar_194.jams,weimar_194.flac
106,weimar_195.jams,weimar_195
107,weimar_196.jams,weimar_196
108,weimar_197.jams,weimar_197.flac
109,weimar_198.jams,weimar_198.flac
110,weimar_199.jams,weimar_199.flac
111,weimar_2.jams,weimar_2.flac
112,weimar_20.jams,weimar_20.flac
113,weimar_200.jams,weimar_200.flac
114,weimar_201.jams,weimar_201.flac
115,weimar_202.jams,weimar_202.flac
116,weimar_203.jams,weimar_203.flac
117,weimar_204.jams,weimar_204.flac
118,weimar_205.jams,weimar_205.flac
119,weimar_206.jams,weimar_206.flac
120,weimar_207.jams,weimar_207.flac
121,weimar_208.jams,weimar_208.flac
122,weimar_209.jams,weimar_209
123,weimar_21.jams,weimar_21.flac
124,weimar_210.jams,weimar_210.flac
125,weimar_211.jams,weimar_211.flac
126,weimar_212.jams,weimar_212.flac
127,weimar_213.jams,weimar_213.flac
128,weimar_214.jams,weimar_214.flac
129,weimar_215.jams,weimar_215
130,weimar_216.jams,weimar_216.flac
131,weimar_217.jams,weimar_217.flac
132,weimar_218.jams,weimar_218.flac
133,weimar_219.jams,weimar_219
134,weimar_22.jams,weimar_22.flac
135,weimar_220.jams,weimar_220
136,weimar_221.jams,weimar_221.flac
137,weimar_222.jams,weimar_222.flac
138,weimar_223.jams,weimar_223.flac
139,weimar_224.jams,weimar_224.flac
140,weimar_225.jams,weimar_225.flac
141,weimar_226.jams,weimar_226.flac
142,weimar_227.jams,weimar_227.flac
143,weimar_228.jams,weimar_228
144,weimar_229.jams,weimar_229.flac
145,weimar_23.jams,weimar_23.flac
146,weimar_230.jams,weimar_230
147,weimar_231.jams,weimar_231
148,weimar_232.jams,weimar_232
149,weimar_233.jams,weimar_233.flac
150,weimar_234.jams,weimar_234.flac
151,weimar_235.jams,weimar_235
152,weimar_236.jams,weimar_236
153,weimar_237.jams,weimar_237
154,weimar_238.jams,weimar_238
155,weimar_239.jams,weimar_239
156,weimar_24.jams,weimar_24.flac
157,weimar_240.jams,weimar_240
158,weimar_241.jams,weimar_241.flac
159,weimar_242.jams,weimar_242.flac
160,weimar_243.jams,weimar_243.flac
161,weimar_244.jams,weimar_244.flac
162,weimar_245.jams,weimar_245.flac
163,weimar_246.jams,weimar_246.flac
164,weimar_247.jams,weimar_247.flac
165,weimar_248.jams,
166,weimar_249.jams,weimar_249.flac
167,weimar_25.jams,weimar_25.flac
168,weimar_250.jams,weimar_250
169,weimar_251.jams,weimar_251
170,weimar_252.jams,weimar_252
171,weimar_253.jams,weimar_253
172,weimar_254.jams,weimar_254
173,weimar_255.jams,weimar_255
174,weimar_256.jams,weimar_256.flac
175,weimar_257.jams,weimar_257.flac
176,weimar_258.jams,weimar_258
177,weimar_259.jams,weimar_259
178,weimar_26.jams,weimar_26
179,weimar_260.jams,weimar_260
180,weimar_261.jams,weimar_261
181,weimar_262.jams,weimar_262
182,weimar_263.jams,weimar_263
183,weimar_264.jams,weimar_264
184,weimar_265.jams,weimar_265
185,weimar_266.jams,weimar_266
186,weimar_267.jams,weimar_267
187,weimar_268.jams,weimar_268.flac
188,weimar_269.jams,weimar_269
189,weimar_27.jams,weimar_27
190,weimar_270.jams,weimar_270
191,weimar_271.jams,weimar_271
192,weimar_272.jams,weimar_272
193,weimar_273.jams,weimar_273
194,weimar_274.jams,weimar_274
195,weimar_275.jams,weimar_275.flac
196,weimar_276.jams,weimar_276.flac
197,weimar_277.jams,weimar_277.flac
198,weimar_278.jams,weimar_278.flac
199,weimar_279.jams,weimar_279.flac
200,weimar_28.jams,weimar_28.flac
201,weimar_280.jams,weimar_280
202,weimar_281.jams,weimar_281
203,weimar_282.jams,weimar_282
204,weimar_283.jams,weimar_283
205,weimar_284.jams,weimar_284
206,weimar_285.jams,weimar_285
207,weimar_286.jams,weimar_286
208,weimar_287.jams,weimar_287
209,weimar_288.jams,weimar_288
210,weimar_289.jams,weimar_289
211,weimar_29.jams,weimar_29.flac
212,weimar_290.jams,weimar_290
213,weimar_291.jams,weimar_291.flac
214,weimar_292.jams,weimar_292
215,weimar_293.jams,weimar_293
216,weimar_294.jams,weimar_294
217,weimar_295.jams,weimar_295
218,weimar_296.jams,weimar_296
219,weimar_297.jams,weimar_297
220,weimar_298.jams,weimar_298
221,weimar_299.jams,../ELKA/partitions/weimar/choco/audio/weimar_299.flac
222,weimar_3.jams,weimar_3
223,weimar_30.jams,weimar_30
224,weimar_300.jams,weimar_300
225,weimar_301.jams,weimar_301.flac
226,weimar_302.jams,weimar_302.flac
227,weimar_303.jams,../ELKA/partitions/weimar/choco/audio/weimar_303.flac
228,weimar_304.jams,../ELKA/partitions/weimar/choco/audio/weimar_304.flac
229,weimar_305.jams,weimar_305.flac
230,weimar_306.jams,../ELKA/partitions/weimar/choco/audio/weimar_306.flac
231,weimar_307.jams,weimar_307.flac
232,weimar_308.jams,../ELKA/partitions/weimar/choco/audio/weimar_308.flac
233,weimar_309.jams,weimar_309.flac
234,weimar_31.jams,weimar_31
235,weimar_310.jams,weimar_310
236,weimar_311.jams,weimar_311.flac
237,weimar_312.jams,weimar_312.flac
238,weimar_313.jams,weimar_313.flac
239,weimar_314.jams,../ELKA/partitions/weimar/choco/audio/weimar_314.flac
240,weimar_315.jams,weimar_315.flac
241,weimar_316.jams,weimar_316.flac
242,weimar_317.jams,weimar_317.flac
243,weimar_318.jams,weimar_318.flac
244,weimar_319.jams,weimar_319.flac
245,weimar_32.jams,weimar_32
246,weimar_320.jams,weimar_320.flac
247,weimar_321.jams,weimar_321.flac
248,weimar_322.jams,weimar_322.flac
249,weimar_323.jams,weimar_323.flac
250,weimar_324.jams,weimar_324.flac
251,weimar_325.jams,
252,weimar_326.jams,weimar_326
253,weimar_327.jams,weimar_327.flac
254,weimar_328.jams,weimar_328
255,weimar_329.jams,weimar_329
256,weimar_33.jams,weimar_33.flac
257,weimar_330.jams,weimar_330
258,weimar_331.jams,weimar_331
259,weimar_332.jams,weimar_332
260,weimar_333.jams,weimar_333
261,weimar_334.jams,weimar_334
262,weimar_335.jams,weimar_335.flac
263,weimar_336.jams,weimar_336.flac
264,weimar_337.jams,weimar_337.flac
265,weimar_338.jams,weimar_338.flac
266,weimar_339.jams,weimar_339.flac
267,weimar_34.jams,weimar_34
268,weimar_340.jams,weimar_340.flac
269,weimar_341.jams,weimar_341.flac
270,weimar_342.jams,weimar_342.flac
271,weimar_343.jams,weimar_343
272,weimar_344.jams,weimar_344
273,weimar_345.jams,weimar_345
274,weimar_346.jams,weimar_346.flac
275,weimar_347.jams,weimar_347.flac
276,weimar_348.jams,weimar_348.flac
277,weimar_349.jams,weimar_349
278,weimar_35.jams,weimar_35
279,weimar_350.jams,weimar_350.flac
280,weimar_351.jams,weimar_351.flac
281,weimar_352.jams,weimar_352.flac
282,weimar_353.jams,weimar_353.flac
283,weimar_354.jams,weimar_354.flac
284,weimar_355.jams,weimar_355
285,weimar_356.jams,weimar_356.flac
286,weimar_357.jams,weimar_357.flac
287,weimar_358.jams,weimar_358
288,weimar_359.jams,weimar_359
289,weimar_36.jams,weimar_36
290,weimar_360.jams,weimar_360
291,weimar_361.jams,weimar_361
292,weimar_362.jams,weimar_362
293,weimar_363.jams,weimar_363
294,weimar_364.jams,weimar_364
295,weimar_365.jams,weimar_365
296,weimar_366.jams,weimar_366
297,weimar_367.jams,weimar_367
298,weimar_368.jams,weimar_368
299,weimar_369.jams,weimar_369
300,weimar_37.jams,weimar_37.flac
301,weimar_370.jams,weimar_370
302,weimar_371.jams,weimar_371
303,weimar_372.jams,weimar_372
304,weimar_373.jams,
305,weimar_374.jams,
306,weimar_375.jams,
307,weimar_376.jams,
308,weimar_377.jams,
309,weimar_378.jams,weimar_378
310,weimar_379.jams,weimar_379
311,weimar_38.jams,weimar_38.flac
312,weimar_380.jams,weimar_380.flac
313,weimar_381.jams,weimar_381
314,weimar_382.jams,weimar_382
315,weimar_383.jams,weimar_383
316,weimar_384.jams,weimar_384
317,weimar_385.jams,weimar_385
318,weimar_386.jams,weimar_386
319,weimar_387.jams,weimar_387.flac
320,weimar_388.jams,weimar_388
321,weimar_389.jams,weimar_389
322,weimar_39.jams,weimar_39.flac
323,weimar_390.jams,weimar_390
324,weimar_391.jams,weimar_391
325,weimar_392.jams,weimar_392.flac
326,weimar_393.jams,weimar_393.flac
327,weimar_394.jams,weimar_394.flac
328,weimar_395.jams,weimar_395
329,weimar_396.jams,weimar_396
330,weimar_397.jams,weimar_397.flac
331,weimar_398.jams,weimar_398.flac
332,weimar_399.jams,weimar_399.flac
333,weimar_4.jams,weimar_4.flac
334,weimar_40.jams,weimar_40.flac
335,weimar_400.jams,weimar_400
336,weimar_401.jams,weimar_401.flac
337,weimar_402.jams,weimar_402.flac
338,weimar_403.jams,weimar_403.flac
339,weimar_404.jams,weimar_404.flac
340,weimar_405.jams,weimar_405
341,weimar_406.jams,weimar_406.flac
342,weimar_407.jams,weimar_407
343,weimar_408.jams,weimar_408
344,weimar_409.jams,weimar_409.flac
345,weimar_41.jams,weimar_41.flac
346,weimar_410.jams,weimar_410
347,weimar_411.jams,weimar_411.flac
348,weimar_412.jams,weimar_412
349,weimar_413.jams,weimar_413
350,weimar_414.jams,weimar_414.flac
351,weimar_415.jams,weimar_415
352,weimar_416.jams,weimar_416
353,weimar_417.jams,weimar_417.flac
354,weimar_418.jams,weimar_418
355,weimar_419.jams,weimar_419
356,weimar_42.jams,weimar_42.flac
357,weimar_420.jams,weimar_420
358,weimar_421.jams,weimar_421
359,weimar_422.jams,weimar_422
360,weimar_423.jams,weimar_423
361,weimar_424.jams,weimar_424
362,weimar_425.jams,weimar_425
363,weimar_426.jams,weimar_426.flac
364,weimar_427.jams,weimar_427
365,weimar_428.jams,weimar_428.flac
366,weimar_429.jams,weimar_429
367,weimar_43.jams,weimar_43.flac
368,weimar_430.jams,weimar_430
369,weimar_431.jams,weimar_431.flac
370,weimar_432.jams,weimar_432.flac
371,weimar_433.jams,weimar_433
372,weimar_434.jams,weimar_434
373,weimar_435.jams,weimar_435.flac
374,weimar_436.jams,weimar_436.flac
375,weimar_437.jams,weimar_437.flac
376,weimar_438.jams,weimar_438.flac
377,weimar_439.jams,weimar_439.flac
378,weimar_44.jams,weimar_44
379,weimar_440.jams,weimar_440.flac
380,weimar_441.jams,weimar_441.flac
381,weimar_442.jams,weimar_442.flac
382,weimar_443.jams,weimar_443.flac
383,weimar_444.jams,weimar_444.flac
384,weimar_445.jams,weimar_445.flac
385,weimar_446.jams,weimar_446.flac
386,weimar_447.jams,weimar_447
387,weimar_448.jams,weimar_448
388,weimar_449.jams,weimar_449
389,weimar_45.jams,weimar_45
390,weimar_450.jams,weimar_450.flac
391,weimar_451.jams,weimar_451
392,weimar_452.jams,weimar_452
393,weimar_453.jams,weimar_453
394,weimar_454.jams,weimar_454
395,weimar_455.jams,weimar_455
396,weimar_456.jams,weimar_456
397,weimar_46.jams,weimar_46
398,weimar_47.jams,weimar_47
399,weimar_48.jams,weimar_48.flac
400,weimar_49.jams,weimar_49.flac
401,weimar_5.jams,weimar_5.flac
402,weimar_50.jams,weimar_50.flac
403,weimar_51.jams,weimar_51
404,weimar_52.jams,weimar_52
405,weimar_53.jams,weimar_53
406,weimar_54.jams,weimar_54.flac
407,weimar_55.jams,weimar_55
408,weimar_56.jams,weimar_56
409,weimar_57.jams,weimar_57
410,weimar_58.jams,weimar_58
411,weimar_59.jams,weimar_59
412,weimar_6.jams,weimar_6.flac
413,weimar_60.jams,weimar_60.flac
414,weimar_61.jams,weimar_61
415,weimar_62.jams,weimar_62.flac
416,weimar_63.jams,weimar_63
417,weimar_64.jams,weimar_64
418,weimar_65.jams,weimar_65.flac
419,weimar_66.jams,weimar_66
420,weimar_67.jams,weimar_67.flac
421,weimar_68.jams,weimar_68
422,weimar_69.jams,
423,weimar_7.jams,weimar_7
424,weimar_70.jams,weimar_70.flac
425,weimar_71.jams,weimar_71.flac
426,weimar_72.jams,weimar_72.flac
427,weimar_73.jams,weimar_73.flac
428,weimar_74.jams,weimar_74.flac
429,weimar_75.jams,weimar_75.flac
430,weimar_76.jams,weimar_76
431,weimar_77.jams,weimar_77
432,weimar_78.jams,weimar_78.flac
433,weimar_79.jams,weimar_79.flac
434,weimar_8.jams,weimar_8
435,weimar_80.jams,weimar_80
436,weimar_81.jams,weimar_81.flac
437,weimar_82.jams,weimar_82.flac
438,weimar_83.jams,weimar_83
439,weimar_84.jams,weimar_84.flac
440,weimar_85.jams,weimar_85
441,weimar_86.jams,weimar_86
442,weimar_87.jams,weimar_87
443,weimar_88.jams,weimar_88
444,weimar_89.jams,weimar_89.flac
445,weimar_9.jams,weimar_9
446,weimar_90.jams,weimar_90.flac
447,weimar_91.jams,weimar_91.flac
448,weimar_92.jams,weimar_92
449,weimar_93.jams,weimar_93.flac
450,weimar_94.jams,weimar_94.flac
451,weimar_95.jams,weimar_95
452,weimar_96.jams,weimar_96
453,weimar_97.jams,weimar_97
454,weimar_98.jams,weimar_98.flac
455,weimar_99.jams,weimar_99
456,jaah_0.jams,jaah_0.flac
457,jaah_1.jams,jaah_1.flac
458,jaah_10.jams,jaah_10.flac
459,jaah_100.jams,jaah_100.flac
460,jaah_101.jams,jaah_101.flac
461,jaah_102.jams,jaah_102.flac
462,jaah_104.jams,jaah_104.flac
463,jaah_106.jams,jaah_106.flac
464,jaah_107.jams,jaah_107.flac
465,jaah_109.jams,jaah_109.flac
466,jaah_11.jams,jaah_11.flac
467,jaah_110.jams,jaah_110.flac
468,jaah_112.jams,jaah_112.flac
469,jaah_12.jams,jaah_12.flac
470,jaah_13.jams,jaah_13.flac
471,jaah_16.jams,jaah_16.flac
472,jaah_17.jams,jaah_17.flac
473,jaah_18.jams,jaah_18.flac
474,jaah_19.jams,jaah_19.flac
475,jaah_2.jams,jaah_2.flac
476,jaah_20.jams,jaah_20.flac
477,jaah_21.jams,jaah_21.flac
478,jaah_22.jams,jaah_22.flac
479,jaah_23.jams,jaah_23.flac
480,jaah_24.jams,jaah_24.flac
481,jaah_26.jams,jaah_26.flac
482,jaah_28.jams,jaah_28.flac
483,jaah_29.jams,jaah_29.flac
484,jaah_3.jams,jaah_3.flac
485,jaah_31.jams,jaah_31.flac
486,jaah_32.jams,jaah_32.flac
487,jaah_33.jams,jaah_33.flac
488,jaah_34.jams,jaah_34.flac
489,jaah_36.jams,jaah_36.flac
490,jaah_37.jams,jaah_37.flac
491,jaah_38.jams,jaah_38.flac
492,jaah_39.jams,jaah_39.flac
493,jaah_4.jams,jaah_4.flac
494,jaah_40.jams,jaah_40.flac
495,jaah_42.jams,jaah_42.flac
496,jaah_43.jams,jaah_43.flac
497,jaah_44.jams,jaah_44.flac
498,jaah_45.jams,jaah_45.flac
499,jaah_46.jams,jaah_46.flac
500,jaah_47.jams,jaah_47.flac
501,jaah_48.jams,jaah_48.flac
502,jaah_49.jams,jaah_49.flac
503,jaah_5.jams,jaah_5.flac
504,jaah_50.jams,jaah_50.flac
505,jaah_51.jams,jaah_51.flac
506,jaah_53.jams,jaah_53.flac
507,jaah_54.jams,jaah_54.flac
508,jaah_56.jams,jaah_56.flac
509,jaah_59.jams,jaah_59.flac
510,jaah_6.jams,jaah_6.flac
511,jaah_60.jams,jaah_60.flac
512,jaah_61.jams,jaah_61.flac
513,jaah_62.jams,jaah_62.flac
514,jaah_63.jams,jaah_63.flac
515,jaah_64.jams,jaah_64.flac
516,jaah_65.jams,jaah_65.flac
517,jaah_66.jams,jaah_66.flac
518,jaah_67.jams,jaah_67.flac
519,jaah_68.jams,jaah_68.flac
520,jaah_7.jams,jaah_7.flac
521,jaah_70.jams,jaah_70.flac
522,jaah_72.jams,jaah_72.flac
523,jaah_73.jams,jaah_73.flac
524,jaah_74.jams,jaah_74.flac
525,jaah_76.jams,jaah_76.flac
526,jaah_77.jams,jaah_77.flac
527,jaah_79.jams,jaah_79.flac
528,jaah_8.jams,jaah_8.flac
529,jaah_80.jams,jaah_80.flac
530,jaah_81.jams,jaah_81.flac
531,jaah_83.jams,jaah_83.flac
532,jaah_84.jams,jaah_84.flac
533,jaah_85.jams,jaah_85.flac
534,jaah_87.jams,jaah_87.flac
535,jaah_88.jams,jaah_88.flac
536,jaah_90.jams,jaah_90.flac
537,jaah_91.jams,jaah_91.flac
538,jaah_92.jams,jaah_92.flac
539,jaah_93.jams,jaah_93.flac
540,jaah_94.jams,jaah_94.flac
541,jaah_95.jams,jaah_95.flac
542,jaah_96.jams,jaah_96.flac
543,jaah_98.jams,jaah_98.flac
544,jaah_99.jams,jaah_99.flac
545,billboard_0.jams,billboard_0.flac
546,billboard_1.jams,billboard_1.flac
547,billboard_10.jams,billboard_10
548,billboard_100.jams,billboard_100.flac
549,billboard_101.jams,billboard_101.flac
550,billboard_102.jams,billboard_102.flac
551,billboard_103.jams,billboard_103.flac
552,billboard_104.jams,billboard_104.flac
553,billboard_105.jams,billboard_105.flac
554,billboard_106.jams,billboard_106.flac
555,billboard_107.jams,
556,billboard_108.jams,billboard_108.flac
557,billboard_109.jams,billboard_109.flac
558,billboard_11.jams,billboard_11.flac
559,billboard_110.jams,billboard_110.flac
560,billboard_111.jams,billboard_111.flac
561,billboard_112.jams,billboard_112.flac
562,billboard_113.jams,billboard_113.flac
563,billboard_114.jams,billboard_114.flac
564,billboard_115.jams,billboard_115.flac
565,billboard_116.jams,../ELKA/partitions/billboard/choco/audio/billboard_116.flac
566,billboard_117.jams,billboard_117.flac
567,billboard_118.jams,billboard_118.flac
568,billboard_119.jams,billboard_119.flac
569,billboard_12.jams,billboard_12.flac
570,billboard_120.jams,billboard_120.flac
571,billboard_121.jams,billboard_121.flac
572,billboard_122.jams,billboard_122.flac
573,billboard_123.jams,billboard_123.flac
574,billboard_124.jams,billboard_124.flac
575,billboard_125.jams,billboard_125.flac
576,billboard_126.jams,billboard_126.flac
577,billboard_127.jams,billboard_127.flac
578,billboard_128.jams,billboard_128.flac
579,billboard_129.jams,billboard_129.flac
580,billboard_13.jams,billboard_13.flac
581,billboard_130.jams,billboard_130.flac
582,billboard_131.jams,billboard_131.flac
583,billboard_132.jams,billboard_132.flac
584,billboard_133.jams,billboard_133.flac
585,billboard_134.jams,billboard_134.flac
586,billboard_135.jams,billboard_135.flac
587,billboard_136.jams,billboard_136.flac
588,billboard_137.jams,billboard_137.flac
589,billboard_138.jams,
590,billboard_139.jams,billboard_139.flac
591,billboard_14.jams,billboard_14.flac
592,billboard_140.jams,billboard_140.flac
593,billboard_141.jams,billboard_141.flac
594,billboard_142.jams,billboard_142.flac
595,billboard_143.jams,billboard_143.flac
596,billboard_144.jams,billboard_144.flac
597,billboard_145.jams,billboard_145.flac
598,billboard_146.jams,billboard_146.flac
599,billboard_147.jams,billboard_147.flac
600,billboard_148.jams,billboard_148.flac
601,billboard_149.jams,../ELKA/partitions/billboard/choco/audio/billboard_149.flac
602,billboard_15.jams,billboard_15.flac
603,billboard_150.jams,billboard_150.flac
604,billboard_151.jams,billboard_151.flac
605,billboard_152.jams,billboard_152.flac
606,billboard_153.jams,billboard_153.flac
607,billboard_154.jams,billboard_154.flac
608,billboard_155.jams,billboard_155.flac
609,billboard_156.jams,billboard_156
610,billboard_157.jams,billboard_157
611,billboard_158.jams,billboard_158.flac
612,billboard_159.jams,billboard_159.flac
613,billboard_16.jams,billboard_16.flac
614,billboard_160.jams,billboard_160.flac
615,billboard_161.jams,billboard_161.flac
616,billboard_162.jams,billboard_162.flac
617,billboard_163.jams,billboard_163.flac
618,billboard_164.jams,billboard_164.flac
619,billboard_165.jams,billboard_165.flac
620,billboard_166.jams,
621,billboard_167.jams,billboard_167.flac
622,billboard_168.jams,billboard_168.flac
623,billboard_169.jams,billboard_169.flac
624,billboard_17.jams,billboard_17.flac
625,billboard_170.jams,billboard_170.flac
626,billboard_171.jams,billboard_171
627,billboard_172.jams,billboard_172.flac
628,billboard_173.jams,billboard_173.flac
629,billboard_174.jams,billboard_174.flac
630,billboard_175.jams,billboard_175.flac
631,billboard_176.jams,
632,billboard_177.jams,billboard_177.flac
633,billboard_178.jams,
634,billboard_179.jams,billboard_179.flac
635,billboard_18.jams,billboard_18.flac
636,billboard_180.jams,billboard_180.flac
637,billboard_181.jams,billboard_181.flac
638,billboard_182.jams,billboard_182.flac
639,billboard_183.jams,billboard_183.flac
640,billboard_184.jams,billboard_184.flac
641,billboard_185.jams,billboard_185.flac
642,billboard_186.jams,billboard_186.flac
643,billboard_187.jams,billboard_187.flac
644,billboard_188.jams,
645,billboard_189.jams,billboard_189.flac
646,billboard_19.jams,billboard_19.flac
647,billboard_190.jams,billboard_190.flac
648,billboard_191.jams,billboard_191.flac
649,billboard_192.jams,
650,billboard_193.jams,billboard_193
651,billboard_194.jams,billboard_194.flac
652,billboard_195.jams,billboard_195.flac
653,billboard_196.jams,billboard_196.flac
654,billboard_197.jams,billboard_197.flac
655,billboard_198.jams,billboard_198.flac
656,billboard_199.jams,billboard_199.flac
657,billboard_2.jams,billboard_2.flac
658,billboard_20.jams,billboard_20.flac
659,billboard_200.jams,billboard_200.flac
660,billboard_201.jams,billboard_201.flac
661,billboard_202.jams,billboard_202.flac
662,billboard_203.jams,billboard_203.flac
663,billboard_204.jams,billboard_204.flac
664,billboard_205.jams,billboard_205.flac
665,billboard_206.jams,billboard_206.flac
666,billboard_207.jams,../ELKA/partitions/billboard/choco/audio/billboard_207.flac
667,billboard_208.jams,billboard_208
668,billboard_209.jams,billboard_209.flac
669,billboard_21.jams,billboard_21.flac
670,billboard_210.jams,billboard_210.flac
671,billboard_211.jams,billboard_211.flac
672,billboard_212.jams,billboard_212.flac
673,billboard_213.jams,billboard_213.flac
674,billboard_214.jams,billboard_214.flac
675,billboard_215.jams,billboard_215.flac
676,billboard_216.jams,billboard_216.flac
677,billboard_217.jams,billboard_217.flac
678,billboard_218.jams,billboard_218.flac
679,billboard_219.jams,billboard_219.flac
680,billboard_22.jams,billboard_22.flac
681,billboard_220.jams,billboard_220.flac
682,billboard_221.jams,billboard_221.flac
683,billboard_222.jams,billboard_222.flac
684,billboard_223.jams,billboard_223.flac
685,billboard_224.jams,billboard_224.flac
686,billboard_225.jams,billboard_225.flac
687,billboard_226.jams,billboard_226.flac
688,billboard_227.jams,billboard_227.flac
689,billboard_228.jams,billboard_228.flac
690,billboard_229.jams,billboard_229.flac
691,billboard_23.jams,billboard_23
692,billboard_230.jams,billboard_230.flac
693,billboard_231.jams,billboard_231.flac
694,billboard_232.jams,billboard_232.flac
695,billboard_233.jams,billboard_233.flac
696,billboard_234.jams,billboard_234.flac
697,billboard_235.jams,billboard_235.flac
698,billboard_236.jams,billboard_236.flac
699,billboard_237.jams,billboard_237.flac
700,billboard_238.jams,billboard_238.flac
701,billboard_239.jams,billboard_239.flac
702,billboard_24.jams,billboard_24.flac
703,billboard_240.jams,billboard_240.flac
704,billboard_241.jams,billboard_241.flac
705,billboard_242.jams,billboard_242.flac
706,billboard_243.jams,billboard_243.flac
707,billboard_244.jams,billboard_244.flac
708,billboard_245.jams,billboard_245.flac
709,billboard_246.jams,billboard_246.flac
710,billboard_247.jams,billboard_247.flac
711,billboard_248.jams,billboard_248.flac
712,billboard_249.jams,billboard_249.flac
713,billboard_25.jams,billboard_25.flac
714,billboard_250.jams,billboard_250.flac
715,billboard_251.jams,billboard_251.flac
716,billboard_252.jams,billboard_252.flac
717,billboard_253.jams,billboard_253.flac
718,billboard_254.jams,billboard_254.flac
719,billboard_255.jams,
720,billboard_256.jams,billboard_256.flac
721,billboard_257.jams,billboard_257.flac
722,billboard_258.jams,
723,billboard_259.jams,billboard_259.flac
724,billboard_26.jams,billboard_26.flac
725,billboard_260.jams,
726,billboard_261.jams,billboard_261.flac
727,billboard_262.jams,billboard_262.flac
728,billboard_263.jams,billboard_263.flac
729,billboard_264.jams,billboard_264.flac
730,billboard_265.jams,billboard_265.flac
731,billboard_266.jams,billboard_266.flac
732,billboard_267.jams,billboard_267.flac
733,billboard_268.jams,billboard_268.flac
734,billboard_269.jams,
735,billboard_27.jams,billboard_27.flac
736,billboard_270.jams,
737,billboard_271.jams,billboard_271.flac
738,billboard_272.jams,billboard_272.flac
739,billboard_273.jams,billboard_273.flac
740,billboard_274.jams,billboard_274.flac
741,billboard_275.jams,billboard_275.flac
742,billboard_276.jams,billboard_276.flac
743,billboard_277.jams,billboard_277.flac
744,billboard_278.jams,billboard_278.flac
745,billboard_279.jams,billboard_279.flac
746,billboard_28.jams,billboard_28.flac
747,billboard_280.jams,../ELKA/partitions/billboard/choco/audio/billboard_280.flac
748,billboard_281.jams,billboard_281.flac
749,billboard_282.jams,billboard_282.flac
750,billboard_283.jams,billboard_283.flac
751,billboard_284.jams,billboard_284.flac
752,billboard_285.jams,billboard_285.flac
753,billboard_286.jams,billboard_286.flac
754,billboard_287.jams,billboard_287
755,billboard_288.jams,billboard_288.flac
756,billboard_289.jams,billboard_289.flac
757,billboard_29.jams,billboard_29.flac
758,billboard_290.jams,billboard_290.flac
759,billboard_291.jams,billboard_291.flac
760,billboard_292.jams,billboard_292.flac
761,billboard_293.jams,billboard_293.flac
762,billboard_294.jams,billboard_294.flac
763,billboard_295.jams,billboard_295.flac
764,billboard_296.jams,billboard_296.flac
765,billboard_297.jams,billboard_297.flac
766,billboard_298.jams,billboard_298.flac
767,billboard_299.jams,billboard_299.flac
768,billboard_3.jams,billboard_3.flac
769,billboard_30.jams,billboard_30.flac
770,billboard_300.jams,billboard_300.flac
771,billboard_301.jams,billboard_301.flac
772,billboard_302.jams,billboard_302.flac
773,billboard_303.jams,billboard_303.flac
774,billboard_304.jams,billboard_304.flac
775,billboard_305.jams,billboard_305.flac
776,billboard_306.jams,billboard_306.flac
777,billboard_307.jams,billboard_307.flac
778,billboard_308.jams,billboard_308.flac
779,billboard_309.jams,billboard_309.flac
780,billboard_31.jams,billboard_31.flac
781,billboard_310.jams,billboard_310.flac
782,billboard_311.jams,billboard_311.flac
783,billboard_312.jams,billboard_312.flac
784,billboard_313.jams,billboard_313.flac
785,billboard_314.jams,billboard_314.flac
786,billboard_315.jams,billboard_315.flac
787,billboard_316.jams,billboard_316.flac
788,billboard_317.jams,billboard_317.flac
789,billboard_318.jams,billboard_318.flac
790,billboard_319.jams,billboard_319.flac
791,billboard_32.jams,billboard_32.flac
792,billboard_320.jams,billboard_320.flac
793,billboard_321.jams,billboard_321.flac
794,billboard_322.jams,billboard_322.flac
795,billboard_323.jams,billboard_323.flac
796,billboard_324.jams,billboard_324.flac
797,billboard_325.jams,billboard_325.flac
798,billboard_326.jams,billboard_326.flac
799,billboard_327.jams,../ELKA/partitions/billboard/choco/audio/billboard_327.flac
800,billboard_328.jams,billboard_328.flac
801,billboard_329.jams,billboard_329.flac
802,billboard_33.jams,billboard_33.flac
803,billboard_330.jams,
804,billboard_331.jams,
805,billboard_332.jams,billboard_332.flac
806,billboard_333.jams,billboard_333
807,billboard_334.jams,billboard_334.flac
808,billboard_335.jams,billboard_335.flac
809,billboard_336.jams,billboard_336.flac
810,billboard_337.jams,billboard_337.flac
811,billboard_338.jams,billboard_338.flac
812,billboard_339.jams,billboard_339
813,billboard_34.jams,billboard_34.flac
814,billboard_340.jams,billboard_340.flac
815,billboard_341.jams,billboard_341.flac
816,billboard_342.jams,billboard_342.flac
817,billboard_343.jams,billboard_343.flac
818,billboard_344.jams,billboard_344.flac
819,billboard_345.jams,billboard_345.flac
820,billboard_346.jams,
821,billboard_347.jams,billboard_347.flac
822,billboard_348.jams,billboard_348.flac
823,billboard_349.jams,billboard_349.flac
824,billboard_35.jams,billboard_35.flac
825,billboard_350.jams,billboard_350.flac
826,billboard_351.jams,billboard_351.flac
827,billboard_352.jams,billboard_352
828,billboard_353.jams,billboard_353.flac
829,billboard_354.jams,billboard_354.flac
830,billboard_355.jams,billboard_355.flac
831,billboard_356.jams,billboard_356.flac
832,billboard_357.jams,billboard_357.flac
833,billboard_358.jams,billboard_358.flac
834,billboard_359.jams,billboard_359.flac
835,billboard_36.jams,
836,billboard_360.jams,billboard_360.flac
837,billboard_361.jams,billboard_361.flac
838,billboard_362.jams,billboard_362.flac
839,billboard_363.jams,billboard_363.flac
840,billboard_364.jams,billboard_364.flac
841,billboard_365.jams,billboard_365.flac
842,billboard_366.jams,billboard_366.flac
843,billboard_367.jams,billboard_367.flac
844,billboard_368.jams,
845,billboard_369.jams,billboard_369.flac
846,billboard_37.jams,
847,billboard_370.jams,billboard_370.flac
848,billboard_371.jams,billboard_371.flac
849,billboard_372.jams,billboard_372.flac
850,billboard_373.jams,billboard_373.flac
851,billboard_374.jams,billboard_374.flac
852,billboard_375.jams,billboard_375.flac
853,billboard_376.jams,billboard_376.flac
854,billboard_377.jams,billboard_377.flac
855,billboard_378.jams,billboard_378.flac
856,billboard_379.jams,billboard_379.flac
857,billboard_38.jams,billboard_38.flac
858,billboard_380.jams,billboard_380.flac
859,billboard_381.jams,billboard_381.flac
860,billboard_382.jams,billboard_382.flac
861,billboard_383.jams,billboard_383.flac
862,billboard_384.jams,billboard_384.flac
863,billboard_385.jams,billboard_385.flac
864,billboard_386.jams,billboard_386
865,billboard_387.jams,billboard_387.flac
866,billboard_388.jams,../ELKA/partitions/billboard/choco/audio/billboard_388.flac
867,billboard_389.jams,billboard_389.flac
868,billboard_39.jams,billboard_39.flac
869,billboard_390.jams,billboard_390.flac
870,billboard_391.jams,billboard_391.flac
871,billboard_392.jams,billboard_392.flac
872,billboard_393.jams,billboard_393.flac
873,billboard_394.jams,billboard_394.flac
874,billboard_395.jams,billboard_395.flac
875,billboard_396.jams,billboard_396.flac
876,billboard_397.jams,billboard_397.flac
877,billboard_398.jams,billboard_398.flac
878,billboard_399.jams,billboard_399.flac
879,billboard_4.jams,billboard_4.flac
880,billboard_40.jams,billboard_40.flac
881,billboard_400.jams,billboard_400.flac
882,billboard_401.jams,billboard_401.flac
883,billboard_402.jams,billboard_402.flac
884,billboard_403.jams,billboard_403.flac
885,billboard_404.jams,billboard_404.flac
886,billboard_405.jams,billboard_405.flac
887,billboard_406.jams,billboard_406.flac
888,billboard_407.jams,billboard_407.flac
889,billboard_408.jams,billboard_408.flac
890,billboard_409.jams,billboard_409.flac
891,billboard_41.jams,billboard_41.flac
892,billboard_410.jams,billboard_410.flac
893,billboard_411.jams,billboard_411.flac
894,billboard_412.jams,billboard_412.flac
895,billboard_413.jams,billboard_413.flac
896,billboard_414.jams,billboard_414.flac
897,billboard_415.jams,billboard_415.flac
898,billboard_416.jams,billboard_416.flac
899,billboard_417.jams,billboard_417.flac
900,billboard_418.jams,billboard_418.flac
901,billboard_419.jams,billboard_419.flac
902,billboard_42.jams,billboard_42.flac
903,billboard_420.jams,billboard_420.flac
904,billboard_421.jams,billboard_421.flac
905,billboard_422.jams,billboard_422.flac
906,billboard_423.jams,billboard_423.flac
907,billboard_424.jams,billboard_424.flac
908,billboard_425.jams,billboard_425.flac
909,billboard_426.jams,billboard_426.flac
910,billboard_427.jams,billboard_427.flac
911,billboard_428.jams,billboard_428.flac
912,billboard_429.jams,billboard_429.flac
913,billboard_43.jams,billboard_43.flac
914,billboard_430.jams,billboard_430.flac
915,billboard_431.jams,
916,billboard_432.jams,billboard_432.flac
917,billboard_433.jams,billboard_433.flac
918,billboard_434.jams,../ELKA/partitions/billboard/choco/audio/billboard_434.flac
919,billboard_435.jams,billboard_435.flac
920,billboard_436.jams,
921,billboard_437.jams,billboard_437.flac
922,billboard_438.jams,billboard_438.flac
923,billboard_439.jams,
924,billboard_44.jams,billboard_44.flac
925,billboard_440.jams,billboard_440.flac
926,billboard_441.jams,billboard_441.flac
927,billboard_442.jams,billboard_442.flac
928,billboard_443.jams,billboard_443.flac
929,billboard_444.jams,billboard_444.flac
930,billboard_445.jams,
931,billboard_446.jams,billboard_446.flac
932,billboard_447.jams,billboard_447.flac
933,billboard_448.jams,../ELKA/partitions/billboard/choco/audio/billboard_448.flac
934,billboard_449.jams,billboard_449.flac
935,billboard_45.jams,
936,billboard_450.jams,billboard_450
937,billboard_451.jams,billboard_451.flac
938,billboard_452.jams,billboard_452.flac
939,billboard_453.jams,billboard_453.flac
940,billboard_454.jams,billboard_454.flac
941,billboard_455.jams,billboard_455.flac
942,billboard_456.jams,billboard_456.flac
943,billboard_457.jams,billboard_457.flac
944,billboard_458.jams,billboard_458.flac
945,billboard_459.jams,billboard_459.flac
946,billboard_46.jams,billboard_46.flac
947,billboard_460.jams,billboard_460.flac
948,billboard_461.jams,billboard_461.flac
949,billboard_462.jams,billboard_462.flac
950,billboard_463.jams,billboard_463.flac
951,billboard_464.jams,billboard_464.flac
952,billboard_465.jams,billboard_465.flac
953,billboard_466.jams,billboard_466.flac
954,billboard_467.jams,billboard_467.flac
955,billboard_468.jams,billboard_468.flac
956,billboard_469.jams,billboard_469.flac
957,billboard_47.jams,billboard_47.flac
958,billboard_470.jams,billboard_470.flac
959,billboard_471.jams,billboard_471.flac
960,billboard_472.jams,billboard_472.flac
961,billboard_473.jams,billboard_473.flac
962,billboard_474.jams,billboard_474.flac
963,billboard_475.jams,billboard_475.flac
964,billboard_476.jams,billboard_476.flac
965,billboard_477.jams,billboard_477.flac
966,billboard_478.jams,billboard_478.flac
967,billboard_479.jams,billboard_479.flac
968,billboard_48.jams,billboard_48.flac
969,billboard_480.jams,billboard_480.flac
970,billboard_481.jams,billboard_481.flac
971,billboard_482.jams,billboard_482.flac
972,billboard_483.jams,billboard_483.flac
973,billboard_484.jams,billboard_484.flac
974,billboard_485.jams,billboard_485
975,billboard_486.jams,billboard_486.flac
976,billboard_487.jams,billboard_487.flac
977,billboard_488.jams,billboard_488.flac
978,billboard_489.jams,billboard_489.flac
979,billboard_49.jams,billboard_49.flac
980,billboard_490.jams,billboard_490.flac
981,billboard_491.jams,billboard_491.flac
982,billboard_492.jams,billboard_492.flac
983,billboard_493.jams,billboard_493.flac
984,billboard_494.jams,billboard_494.flac
985,billboard_495.jams,billboard_495.flac
986,billboard_496.jams,billboard_496.flac
987,billboard_497.jams,billboard_497.flac
988,billboard_498.jams,
989,billboard_499.jams,billboard_499.flac
990,billboard_5.jams,billboard_5.flac
991,billboard_50.jams,billboard_50.flac
992,billboard_500.jams,billboard_500.flac
993,billboard_501.jams,billboard_501.flac
994,billboard_502.jams,billboard_502.flac
995,billboard_503.jams,billboard_503.flac
996,billboard_504.jams,billboard_504.flac
997,billboard_505.jams,billboard_505.flac
998,billboard_506.jams,billboard_506.flac
999,billboard_507.jams,billboard_507.flac
1000,billboard_508.jams,billboard_508.flac
1001,billboard_509.jams,billboard_509.flac
1002,billboard_51.jams,billboard_51.flac
1003,billboard_510.jams,billboard_510.flac
1004,billboard_511.jams,billboard_511.flac
1005,billboard_512.jams,billboard_512.flac
1006,billboard_513.jams,billboard_513.flac
1007,billboard_514.jams,billboard_514.flac
1008,billboard_515.jams,
1009,billboard_516.jams,billboard_516.flac
1010,billboard_517.jams,billboard_517.flac
1011,billboard_518.jams,billboard_518.flac
1012,billboard_519.jams,billboard_519.flac
1013,billboard_52.jams,billboard_52.flac
1014,billboard_520.jams,billboard_520.flac
1015,billboard_521.jams,billboard_521.flac
1016,billboard_522.jams,billboard_522.flac
1017,billboard_523.jams,billboard_523.flac
1018,billboard_524.jams,billboard_524.flac
1019,billboard_525.jams,billboard_525.flac
1020,billboard_526.jams,billboard_526.flac
1021,billboard_527.jams,billboard_527.flac
1022,billboard_528.jams,billboard_528.flac
1023,billboard_529.jams,billboard_529.flac
1024,billboard_53.jams,billboard_53.flac
1025,billboard_530.jams,billboard_530.flac
1026,billboard_531.jams,billboard_531.flac
1027,billboard_532.jams,billboard_532.flac
1028,billboard_533.jams,billboard_533.flac
1029,billboard_534.jams,billboard_534.flac
1030,billboard_535.jams,billboard_535.flac
1031,billboard_536.jams,billboard_536.flac
1032,billboard_537.jams,billboard_537.flac
1033,billboard_538.jams,billboard_538
1034,billboard_539.jams,billboard_539.flac
1035,billboard_54.jams,billboard_54.flac
1036,billboard_540.jams,billboard_540.flac
1037,billboard_541.jams,billboard_541.flac
1038,billboard_542.jams,billboard_542.flac
1039,billboard_543.jams,billboard_543.flac
1040,billboard_544.jams,billboard_544.flac
1041,billboard_545.jams,billboard_545.flac
1042,billboard_546.jams,billboard_546.flac
1043,billboard_547.jams,billboard_547.flac
1044,billboard_548.jams,billboard_548.flac
1045,billboard_549.jams,billboard_549.flac
1046,billboard_55.jams,billboard_55.flac
1047,billboard_550.jams,billboard_550.flac
1048,billboard_551.jams,billboard_551.flac
1049,billboard_552.jams,billboard_552.flac
1050,billboard_553.jams,billboard_553.flac
1051,billboard_554.jams,billboard_554.flac
1052,billboard_555.jams,billboard_555.flac
1053,billboard_556.jams,billboard_556.flac
1054,billboard_557.jams,billboard_557.flac
1055,billboard_558.jams,billboard_558.flac
1056,billboard_559.jams,billboard_559.flac
1057,billboard_56.jams,billboard_56.flac
1058,billboard_560.jams,billboard_560
1059,billboard_561.jams,billboard_561.flac
1060,billboard_562.jams,billboard_562.flac
1061,billboard_563.jams,billboard_563.flac
1062,billboard_564.jams,billboard_564.flac
1063,billboard_565.jams,billboard_565.flac
1064,billboard_566.jams,billboard_566.flac
1065,billboard_567.jams,billboard_567.flac
1066,billboard_568.jams,billboard_568.flac
1067,billboard_569.jams,billboard_569.flac
1068,billboard_57.jams,billboard_57.flac
1069,billboard_570.jams,billboard_570.flac
1070,billboard_571.jams,billboard_571.flac
1071,billboard_572.jams,billboard_572.flac
1072,billboard_573.jams,../ELKA/partitions/billboard/choco/audio/billboard_573.flac
1073,billboard_574.jams,billboard_574.flac
1074,billboard_575.jams,billboard_575.flac
1075,billboard_576.jams,billboard_576.flac
1076,billboard_577.jams,billboard_577.flac
1077,billboard_578.jams,billboard_578.flac
1078,billboard_579.jams,billboard_579.flac
1079,billboard_58.jams,billboard_58.flac
1080,billboard_580.jams,billboard_580.flac
1081,billboard_581.jams,../ELKA/partitions/billboard/choco/audio/billboard_581.flac
1082,billboard_582.jams,billboard_582.flac
1083,billboard_583.jams,billboard_583.flac
1084,billboard_584.jams,billboard_584.flac
1085,billboard_585.jams,billboard_585.flac
1086,billboard_586.jams,billboard_586.flac
1087,billboard_587.jams,billboard_587.flac
1088,billboard_588.jams,billboard_588.flac
1089,billboard_589.jams,billboard_589.flac
1090,billboard_59.jams,billboard_59.flac
1091,billboard_590.jams,billboard_590.flac
1092,billboard_591.jams,billboard_591.flac
1093,billboard_592.jams,../ELKA/partitions/billboard/choco/audio/billboard_592.flac
1094,billboard_593.jams,billboard_593.flac
1095,billboard_594.jams,billboard_594.flac
1096,billboard_595.jams,billboard_595.flac
1097,billboard_596.jams,billboard_596.flac
1098,billboard_597.jams,billboard_597.flac
1099,billboard_598.jams,billboard_598.flac
1100,billboard_599.jams,billboard_599.flac
1101,billboard_6.jams,billboard_6.flac
1102,billboard_60.jams,billboard_60.flac
1103,billboard_600.jams,billboard_600.flac
1104,billboard_601.jams,billboard_601.flac
1105,billboard_602.jams,billboard_602.flac
1106,billboard_603.jams,billboard_603
1107,billboard_604.jams,billboard_604
1108,billboard_605.jams,billboard_605.flac
1109,billboard_606.jams,billboard_606.flac
1110,billboard_607.jams,billboard_607.flac
1111,billboard_608.jams,billboard_608.flac
1112,billboard_609.jams,billboard_609.flac
1113,billboard_61.jams,billboard_61.flac
1114,billboard_610.jams,billboard_610.flac
1115,billboard_611.jams,billboard_611.flac
1116,billboard_612.jams,billboard_612.flac
1117,billboard_613.jams,billboard_613.flac
1118,billboard_614.jams,billboard_614.flac
1119,billboard_615.jams,billboard_615.flac
1120,billboard_616.jams,billboard_616.flac
1121,billboard_617.jams,billboard_617.flac
1122,billboard_618.jams,billboard_618.flac
1123,billboard_619.jams,billboard_619.flac
1124,billboard_62.jams,billboard_62.flac
1125,billboard_620.jams,billboard_620.flac
1126,billboard_621.jams,billboard_621.flac
1127,billboard_622.jams,billboard_622.flac
1128,billboard_623.jams,billboard_623.flac
1129,billboard_624.jams,billboard_624.flac
1130,billboard_625.jams,billboard_625.flac
1131,billboard_626.jams,billboard_626.flac
1132,billboard_627.jams,billboard_627.flac
1133,billboard_628.jams,billboard_628.flac
1134,billboard_629.jams,billboard_629.flac
1135,billboard_63.jams,
1136,billboard_630.jams,billboard_630.flac
1137,billboard_631.jams,billboard_631.flac
1138,billboard_632.jams,billboard_632.flac
1139,billboard_633.jams,billboard_633.flac
1140,billboard_634.jams,billboard_634.flac
1141,billboard_635.jams,billboard_635.flac
1142,billboard_636.jams,billboard_636.flac
1143,billboard_637.jams,billboard_637
1144,billboard_638.jams,billboard_638.flac
1145,billboard_639.jams,billboard_639.flac
1146,billboard_64.jams,billboard_64.flac
1147,billboard_640.jams,billboard_640.flac
1148,billboard_641.jams,billboard_641.flac
1149,billboard_642.jams,billboard_642.flac
1150,billboard_643.jams,billboard_643.flac
1151,billboard_644.jams,billboard_644.flac
1152,billboard_645.jams,billboard_645
1153,billboard_646.jams,
1154,billboard_647.jams,billboard_647.flac
1155,billboard_648.jams,billboard_648.flac
1156,billboard_649.jams,billboard_649.flac
1157,billboard_65.jams,billboard_65.flac
1158,billboard_650.jams,billboard_650.flac
1159,billboard_651.jams,billboard_651.flac
1160,billboard_652.jams,billboard_652.flac
1161,billboard_653.jams,billboard_653.flac
1162,billboard_654.jams,billboard_654.flac
1163,billboard_655.jams,billboard_655.flac
1164,billboard_656.jams,billboard_656.flac
1165,billboard_657.jams,billboard_657.flac
1166,billboard_658.jams,billboard_658.flac
1167,billboard_659.jams,billboard_659.flac
1168,billboard_66.jams,billboard_66.flac
1169,billboard_660.jams,billboard_660.flac
1170,billboard_661.jams,billboard_661.flac
1171,billboard_662.jams,billboard_662.flac
1172,billboard_663.jams,billboard_663.flac
1173,billboard_664.jams,billboard_664.flac
1174,billboard_665.jams,billboard_665.flac
1175,billboard_666.jams,billboard_666.flac
1176,billboard_667.jams,billboard_667.flac
1177,billboard_668.jams,billboard_668
1178,billboard_669.jams,billboard_669.flac
1179,billboard_67.jams,billboard_67.flac
1180,billboard_670.jams,billboard_670.flac
1181,billboard_671.jams,billboard_671.flac
1182,billboard_672.jams,
1183,billboard_673.jams,billboard_673.flac
1184,billboard_674.jams,billboard_674.flac
1185,billboard_675.jams,billboard_675.flac
1186,billboard_676.jams,billboard_676.flac
1187,billboard_677.jams,billboard_677.flac
1188,billboard_678.jams,billboard_678.flac
1189,billboard_679.jams,billboard_679.flac
1190,billboard_68.jams,billboard_68.flac
1191,billboard_680.jams,billboard_680.flac
1192,billboard_681.jams,billboard_681.flac
1193,billboard_682.jams,billboard_682.flac
1194,billboard_683.jams,billboard_683.flac
1195,billboard_684.jams,billboard_684.flac
1196,billboard_685.jams,billboard_685.flac
1197,billboard_686.jams,billboard_686.flac
1198,billboard_687.jams,billboard_687.flac
1199,billboard_688.jams,billboard_688.flac
1200,billboard_689.jams,billboard_689.flac
1201,billboard_69.jams,billboard_69.flac
1202,billboard_690.jams,billboard_690.flac
1203,billboard_691.jams,billboard_691.flac
1204,billboard_692.jams,billboard_692.flac
1205,billboard_693.jams,
1206,billboard_694.jams,billboard_694.flac
1207,billboard_695.jams,billboard_695.flac
1208,billboard_696.jams,billboard_696.flac
1209,billboard_697.jams,billboard_697.flac
1210,billboard_698.jams,billboard_698.flac
1211,billboard_699.jams,billboard_699.flac
1212,billboard_7.jams,billboard_7.flac
1213,billboard_70.jams,billboard_70.flac
1214,billboard_700.jams,billboard_700.flac
1215,billboard_701.jams,billboard_701.flac
1216,billboard_702.jams,billboard_702.flac
1217,billboard_703.jams,billboard_703.flac
1218,billboard_704.jams,billboard_704.flac
1219,billboard_705.jams,billboard_705.flac
1220,billboard_706.jams,billboard_706.flac
1221,billboard_707.jams,
1222,billboard_708.jams,billboard_708.flac
1223,billboard_709.jams,billboard_709.flac
1224,billboard_71.jams,billboard_71.flac
1225,billboard_710.jams,billboard_710.flac
1226,billboard_711.jams,billboard_711.flac
1227,billboard_712.jams,billboard_712.flac
1228,billboard_713.jams,billboard_713.flac
1229,billboard_714.jams,billboard_714.flac
1230,billboard_715.jams,billboard_715.flac
1231,billboard_716.jams,billboard_716.flac
1232,billboard_717.jams,billboard_717.flac
1233,billboard_718.jams,billboard_718.flac
1234,billboard_719.jams,billboard_719.flac
1235,billboard_72.jams,billboard_72.flac
1236,billboard_720.jams,billboard_720.flac
1237,billboard_721.jams,billboard_721.flac
1238,billboard_722.jams,billboard_722.flac
1239,billboard_723.jams,billboard_723.flac
1240,billboard_724.jams,billboard_724.flac
1241,billboard_725.jams,billboard_725.flac
1242,billboard_726.jams,
1243,billboard_727.jams,billboard_727.flac
1244,billboard_728.jams,billboard_728.flac
1245,billboard_729.jams,billboard_729.flac
1246,billboard_73.jams,billboard_73.flac
1247,billboard_730.jams,billboard_730.flac
1248,billboard_731.jams,billboard_731.flac
1249,billboard_732.jams,billboard_732.flac
1250,billboard_733.jams,billboard_733.flac
1251,billboard_734.jams,billboard_734.flac
1252,billboard_735.jams,billboard_735.flac
1253,billboard_736.jams,billboard_736.flac
1254,billboard_737.jams,billboard_737.flac
1255,billboard_738.jams,billboard_738.flac
1256,billboard_739.jams,billboard_739.flac
1257,billboard_74.jams,billboard_74.flac
1258,billboard_740.jams,billboard_740.flac
1259,billboard_741.jams,billboard_741.flac
1260,billboard_742.jams,billboard_742.flac
1261,billboard_743.jams,billboard_743.flac
1262,billboard_744.jams,billboard_744.flac
1263,billboard_745.jams,billboard_745.flac
1264,billboard_746.jams,billboard_746.flac
1265,billboard_747.jams,billboard_747.flac
1266,billboard_748.jams,billboard_748.flac
1267,billboard_749.jams,billboard_749.flac
1268,billboard_75.jams,billboard_75.flac
1269,billboard_750.jams,billboard_750.flac
1270,billboard_751.jams,billboard_751.flac
1271,billboard_752.jams,billboard_752.flac
1272,billboard_753.jams,billboard_753.flac
1273,billboard_754.jams,billboard_754.flac
1274,billboard_755.jams,billboard_755.flac
1275,billboard_756.jams,../ELKA/partitions/billboard/choco/audio/billboard_756.flac
1276,billboard_757.jams,billboard_757.flac
1277,billboard_758.jams,billboard_758.flac
1278,billboard_759.jams,billboard_759.flac
1279,billboard_76.jams,billboard_76.flac
1280,billboard_760.jams,billboard_760.flac
1281,billboard_761.jams,billboard_761.flac
1282,billboard_762.jams,billboard_762.flac
1283,billboard_763.jams,billboard_763.flac
1284,billboard_764.jams,billboard_764.flac
1285,billboard_765.jams,billboard_765.flac
1286,billboard_766.jams,billboard_766.flac
1287,billboard_767.jams,billboard_767.flac
1288,billboard_768.jams,billboard_768.flac
1289,billboard_769.jams,billboard_769.flac
1290,billboard_77.jams,billboard_77.flac
1291,billboard_770.jams,
1292,billboard_771.jams,billboard_771.flac
1293,billboard_772.jams,billboard_772.flac
1294,billboard_773.jams,billboard_773
1295,billboard_774.jams,billboard_774.flac
1296,billboard_775.jams,billboard_775.flac
1297,billboard_776.jams,billboard_776.flac
1298,billboard_777.jams,billboard_777.flac
1299,billboard_778.jams,billboard_778
1300,billboard_779.jams,billboard_779.flac
1301,billboard_78.jams,billboard_78.flac
1302,billboard_780.jams,billboard_780.flac
1303,billboard_781.jams,billboard_781.flac
1304,billboard_782.jams,billboard_782.flac
1305,billboard_783.jams,billboard_783.flac
1306,billboard_784.jams,billboard_784.flac
1307,billboard_785.jams,billboard_785.flac
1308,billboard_786.jams,billboard_786.flac
1309,billboard_787.jams,billboard_787.flac
1310,billboard_788.jams,billboard_788.flac
1311,billboard_789.jams,billboard_789.flac
1312,billboard_79.jams,billboard_79.flac
1313,billboard_790.jams,billboard_790.flac
1314,billboard_791.jams,billboard_791.flac
1315,billboard_792.jams,billboard_792.flac
1316,billboard_793.jams,billboard_793.flac
1317,billboard_794.jams,billboard_794.flac
1318,billboard_795.jams,billboard_795.flac
1319,billboard_796.jams,billboard_796.flac
1320,billboard_797.jams,billboard_797.flac
1321,billboard_798.jams,
1322,billboard_799.jams,billboard_799.flac
1323,billboard_8.jams,billboard_8.flac
1324,billboard_80.jams,billboard_80.flac
1325,billboard_800.jams,billboard_800.flac
1326,billboard_801.jams,billboard_801.flac
1327,billboard_802.jams,billboard_802.flac
1328,billboard_803.jams,billboard_803.flac
1329,billboard_804.jams,billboard_804.flac
1330,billboard_805.jams,billboard_805.flac
1331,billboard_806.jams,billboard_806.flac
1332,billboard_807.jams,billboard_807.flac
1333,billboard_808.jams,billboard_808.flac
1334,billboard_809.jams,billboard_809.flac
1335,billboard_81.jams,billboard_81.flac
1336,billboard_810.jams,billboard_810.flac
1337,billboard_811.jams,billboard_811.flac
1338,billboard_812.jams,billboard_812.flac
1339,billboard_813.jams,billboard_813.flac
1340,billboard_814.jams,billboard_814.flac
1341,billboard_815.jams,billboard_815.flac
1342,billboard_816.jams,billboard_816.flac
1343,billboard_817.jams,billboard_817.flac
1344,billboard_818.jams,billboard_818.flac
1345,billboard_819.jams,billboard_819.flac
1346,billboard_82.jams,billboard_82.flac
1347,billboard_820.jams,
1348,billboard_821.jams,billboard_821.flac
1349,billboard_822.jams,billboard_822.flac
1350,billboard_823.jams,billboard_823.flac
1351,billboard_824.jams,billboard_824.flac
1352,billboard_825.jams,billboard_825.flac
1353,billboard_826.jams,billboard_826.flac
1354,billboard_827.jams,billboard_827.flac
1355,billboard_828.jams,billboard_828.flac
1356,billboard_829.jams,billboard_829.flac
1357,billboard_83.jams,billboard_83.flac
1358,billboard_830.jams,billboard_830.flac
1359,billboard_831.jams,billboard_831.flac
1360,billboard_832.jams,billboard_832.flac
1361,billboard_833.jams,billboard_833.flac
1362,billboard_834.jams,billboard_834.flac
1363,billboard_835.jams,billboard_835.flac
1364,billboard_836.jams,billboard_836.flac
1365,billboard_837.jams,billboard_837.flac
1366,billboard_838.jams,billboard_838.flac
1367,billboard_839.jams,billboard_839.flac
1368,billboard_84.jams,
1369,billboard_840.jams,billboard_840.flac
1370,billboard_841.jams,billboard_841.flac
1371,billboard_842.jams,billboard_842.flac
1372,billboard_843.jams,
1373,billboard_844.jams,billboard_844.flac
1374,billboard_845.jams,billboard_845.flac
1375,billboard_846.jams,billboard_846.flac
1376,billboard_847.jams,billboard_847.flac
1377,billboard_848.jams,billboard_848.flac
1378,billboard_849.jams,billboard_849.flac
1379,billboard_85.jams,billboard_85.flac
1380,billboard_850.jams,billboard_850.flac
1381,billboard_851.jams,billboard_851.flac
1382,billboard_852.jams,billboard_852.flac
1383,billboard_853.jams,billboard_853.flac
1384,billboard_854.jams,billboard_854.flac
1385,billboard_855.jams,billboard_855.flac
1386,billboard_856.jams,billboard_856.flac
1387,billboard_857.jams,billboard_857.flac
1388,billboard_858.jams,billboard_858.flac
1389,billboard_859.jams,billboard_859.flac
1390,billboard_86.jams,billboard_86.flac
1391,billboard_860.jams,billboard_860.flac
1392,billboard_861.jams,billboard_861.flac
1393,billboard_862.jams,billboard_862.flac
1394,billboard_863.jams,billboard_863.flac
1395,billboard_864.jams,billboard_864.flac
1396,billboard_865.jams,billboard_865.flac
1397,billboard_866.jams,billboard_866.flac
1398,billboard_867.jams,billboard_867.flac
1399,billboard_868.jams,billboard_868.flac
1400,billboard_869.jams,billboard_869.flac
1401,billboard_87.jams,billboard_87.flac
1402,billboard_870.jams,billboard_870.flac
1403,billboard_871.jams,billboard_871.flac
1404,billboard_872.jams,billboard_872.flac
1405,billboard_873.jams,billboard_873.flac
1406,billboard_874.jams,billboard_874.flac
1407,billboard_875.jams,billboard_875.flac
1408,billboard_876.jams,billboard_876.flac
1409,billboard_877.jams,billboard_877.flac
1410,billboard_878.jams,billboard_878.flac
1411,billboard_879.jams,billboard_879
1412,billboard_88.jams,billboard_88.flac
1413,billboard_880.jams,billboard_880.flac
1414,billboard_881.jams,billboard_881.flac
1415,billboard_882.jams,billboard_882.flac
1416,billboard_883.jams,billboard_883.flac
1417,billboard_884.jams,billboard_884.flac
1418,billboard_885.jams,
1419,billboard_886.jams,billboard_886.flac
1420,billboard_887.jams,billboard_887.flac
1421,billboard_888.jams,billboard_888.flac
1422,billboard_889.jams,billboard_889.flac
1423,billboard_89.jams,billboard_89.flac
1424,billboard_9.jams,billboard_9.flac
1425,billboard_90.jams,billboard_90.flac
1426,billboard_91.jams,billboard_91.flac
1427,billboard_92.jams,billboard_92.flac
1428,billboard_93.jams,billboard_93.flac
1429,billboard_94.jams,billboard_94.flac
1430,billboard_95.jams,billboard_95.flac
1431,billboard_96.jams,billboard_96.flac
1432,billboard_97.jams,billboard_97.flac
1433,billboard_98.jams,billboard_98.flac
1434,billboard_99.jams,
1435,uspop2002_0.jams,uspop2002_0.flac
1436,uspop2002_1.jams,uspop2002_1.flac
1437,uspop2002_10.jams,uspop2002_10.flac
1438,uspop2002_100.jams,uspop2002_100.flac
1439,uspop2002_101.jams,uspop2002_101.flac
1440,uspop2002_102.jams,uspop2002_102.flac
1441,uspop2002_103.jams,uspop2002_103.flac
1442,uspop2002_104.jams,uspop2002_104.flac
1443,uspop2002_105.jams,uspop2002_105.flac
1444,uspop2002_106.jams,uspop2002_106.flac
1445,uspop2002_107.jams,uspop2002_107.flac
1446,uspop2002_108.jams,uspop2002_108.flac
1447,uspop2002_109.jams,uspop2002_109.flac
1448,uspop2002_11.jams,uspop2002_11.flac
1449,uspop2002_110.jams,uspop2002_110.flac
1450,uspop2002_111.jams,uspop2002_111.flac
1451,uspop2002_112.jams,uspop2002_112.flac
1452,uspop2002_113.jams,uspop2002_113.flac
1453,uspop2002_114.jams,uspop2002_114.flac
1454,uspop2002_115.jams,uspop2002_115.flac
1455,uspop2002_116.jams,uspop2002_116.flac
1456,uspop2002_117.jams,uspop2002_117.flac
1457,uspop2002_118.jams,uspop2002_118.flac
1458,uspop2002_119.jams,uspop2002_119.flac
1459,uspop2002_12.jams,uspop2002_12.flac
1460,uspop2002_120.jams,uspop2002_120.flac
1461,uspop2002_121.jams,uspop2002_121.flac
1462,uspop2002_122.jams,uspop2002_122.flac
1463,uspop2002_123.jams,uspop2002_123.flac
1464,uspop2002_124.jams,uspop2002_124.flac
1465,uspop2002_125.jams,uspop2002_125.flac
1466,uspop2002_126.jams,uspop2002_126.flac
1467,uspop2002_127.jams,uspop2002_127.flac
1468,uspop2002_128.jams,uspop2002_128.flac
1469,uspop2002_129.jams,uspop2002_129.flac
1470,uspop2002_13.jams,uspop2002_13.flac
1471,uspop2002_130.jams,uspop2002_130.flac
1472,uspop2002_131.jams,uspop2002_131.flac
1473,uspop2002_132.jams,uspop2002_132.flac
1474,uspop2002_133.jams,uspop2002_133.flac
1475,uspop2002_134.jams,uspop2002_134.flac
1476,uspop2002_135.jams,uspop2002_135.flac
1477,uspop2002_136.jams,uspop2002_136.flac
1478,uspop2002_137.jams,uspop2002_137.flac
1479,uspop2002_138.jams,uspop2002_138.flac
1480,uspop2002_139.jams,uspop2002_139.flac
1481,uspop2002_14.jams,uspop2002_14.flac
1482,uspop2002_140.jams,uspop2002_140.flac
1483,uspop2002_141.jams,uspop2002_141.flac
1484,uspop2002_142.jams,uspop2002_142.flac
1485,uspop2002_143.jams,uspop2002_143.flac
1486,uspop2002_144.jams,uspop2002_144.flac
1487,uspop2002_145.jams,uspop2002_145.flac
1488,uspop2002_146.jams,uspop2002_146.flac
1489,uspop2002_147.jams,uspop2002_147.flac
1490,uspop2002_148.jams,uspop2002_148.flac
1491,uspop2002_149.jams,uspop2002_149.flac
1492,uspop2002_15.jams,uspop2002_15.flac
1493,uspop2002_150.jams,uspop2002_150.flac
1494,uspop2002_151.jams,uspop2002_151.flac
1495,uspop2002_152.jams,uspop2002_152.flac
1496,uspop2002_153.jams,uspop2002_153.flac
1497,uspop2002_154.jams,uspop2002_154.flac
1498,uspop2002_155.jams,uspop2002_155.flac
1499,uspop2002_156.jams,uspop2002_156.flac
1500,uspop2002_157.jams,uspop2002_157.flac
1501,uspop2002_158.jams,uspop2002_158.flac
1502,uspop2002_159.jams,uspop2002_159.flac
1503,uspop2002_16.jams,uspop2002_16.flac
1504,uspop2002_160.jams,uspop2002_160.flac
1505,uspop2002_161.jams,uspop2002_161.flac
1506,uspop2002_162.jams,uspop2002_162.flac
1507,uspop2002_163.jams,uspop2002_163.flac
1508,uspop2002_164.jams,uspop2002_164.flac
1509,uspop2002_165.jams,uspop2002_165.flac
1510,uspop2002_166.jams,uspop2002_166.flac
1511,uspop2002_167.jams,uspop2002_167.flac
1512,uspop2002_168.jams,uspop2002_168.flac
1513,uspop2002_169.jams,uspop2002_169.flac
1514,uspop2002_17.jams,uspop2002_17.flac
1515,uspop2002_170.jams,uspop2002_170.flac
1516,uspop2002_171.jams,uspop2002_171.flac
1517,uspop2002_172.jams,uspop2002_172.flac
1518,uspop2002_173.jams,uspop2002_173.flac
1519,uspop2002_174.jams,uspop2002_174.flac
1520,uspop2002_175.jams,uspop2002_175.flac
1521,uspop2002_176.jams,uspop2002_176.flac
1522,uspop2002_177.jams,uspop2002_177.flac
1523,uspop2002_178.jams,uspop2002_178.flac
1524,uspop2002_179.jams,uspop2002_179.flac
1525,uspop2002_18.jams,uspop2002_18.flac
1526,uspop2002_180.jams,uspop2002_180.flac
1527,uspop2002_181.jams,uspop2002_181.flac
1528,uspop2002_182.jams,uspop2002_182.flac
1529,uspop2002_183.jams,uspop2002_183.flac
1530,uspop2002_184.jams,uspop2002_184.flac
1531,uspop2002_185.jams,uspop2002_185.flac
1532,uspop2002_186.jams,uspop2002_186.flac
1533,uspop2002_187.jams,uspop2002_187.flac
1534,uspop2002_188.jams,uspop2002_188.flac
1535,uspop2002_189.jams,uspop2002_189.flac
1536,uspop2002_19.jams,uspop2002_19.flac
1537,uspop2002_190.jams,uspop2002_190.flac
1538,uspop2002_191.jams,uspop2002_191.flac
1539,uspop2002_192.jams,uspop2002_192.flac
1540,uspop2002_193.jams,uspop2002_193.flac
1541,uspop2002_194.jams,uspop2002_194.flac
1542,uspop2002_2.jams,uspop2002_2.flac
1543,uspop2002_20.jams,uspop2002_20.flac
1544,uspop2002_21.jams,uspop2002_21.flac
1545,uspop2002_22.jams,uspop2002_22.flac
1546,uspop2002_23.jams,uspop2002_23.flac
1547,uspop2002_24.jams,uspop2002_24.flac
1548,uspop2002_25.jams,uspop2002_25.flac
1549,uspop2002_26.jams,uspop2002_26.flac
1550,uspop2002_27.jams,uspop2002_27.flac
1551,uspop2002_28.jams,uspop2002_28.flac
1552,uspop2002_29.jams,uspop2002_29.flac
1553,uspop2002_3.jams,uspop2002_3.flac
1554,uspop2002_30.jams,uspop2002_30.flac
1555,uspop2002_31.jams,uspop2002_31.flac
1556,uspop2002_32.jams,uspop2002_32.flac
1557,uspop2002_33.jams,uspop2002_33.flac
1558,uspop2002_34.jams,uspop2002_34.flac
1559,uspop2002_35.jams,uspop2002_35.flac
1560,uspop2002_36.jams,uspop2002_36.flac
1561,uspop2002_37.jams,uspop2002_37.flac
1562,uspop2002_38.jams,uspop2002_38.flac
1563,uspop2002_39.jams,uspop2002_39.flac
1564,uspop2002_4.jams,uspop2002_4.flac
1565,uspop2002_40.jams,uspop2002_40.flac
1566,uspop2002_41.jams,uspop2002_41.flac
1567,uspop2002_42.jams,uspop2002_42.flac
1568,uspop2002_43.jams,uspop2002_43.flac
1569,uspop2002_44.jams,uspop2002_44.flac
1570,uspop2002_45.jams,uspop2002_45.flac
1571,uspop2002_46.jams,uspop2002_46.flac
1572,uspop2002_47.jams,uspop2002_47.flac
1573,uspop2002_48.jams,uspop2002_48.flac
1574,uspop2002_49.jams,uspop2002_49.flac
1575,uspop2002_5.jams,uspop2002_5.flac
1576,uspop2002_50.jams,uspop2002_50.flac
1577,uspop2002_51.jams,uspop2002_51.flac
1578,uspop2002_52.jams,uspop2002_52.flac
1579,uspop2002_53.jams,uspop2002_53.flac
1580,uspop2002_54.jams,uspop2002_54.flac
1581,uspop2002_55.jams,uspop2002_55.flac
1582,uspop2002_56.jams,uspop2002_56.flac
1583,uspop2002_57.jams,uspop2002_57.flac
1584,uspop2002_58.jams,uspop2002_58.flac
1585,uspop2002_59.jams,uspop2002_59.flac
1586,uspop2002_6.jams,uspop2002_6.flac
1587,uspop2002_60.jams,uspop2002_60.flac
1588,uspop2002_61.jams,uspop2002_61.flac
1589,uspop2002_62.jams,uspop2002_62.flac
1590,uspop2002_63.jams,uspop2002_63.flac
1591,uspop2002_64.jams,uspop2002_64.flac
1592,uspop2002_65.jams,uspop2002_65.flac
1593,uspop2002_66.jams,uspop2002_66.flac
1594,uspop2002_67.jams,uspop2002_67.flac
1595,uspop2002_68.jams,uspop2002_68.flac
1596,uspop2002_69.jams,uspop2002_69.flac
1597,uspop2002_7.jams,uspop2002_7.flac
1598,uspop2002_70.jams,uspop2002_70.flac
1599,uspop2002_71.jams,uspop2002_71.flac
1600,uspop2002_72.jams,uspop2002_72.flac
1601,uspop2002_73.jams,uspop2002_73.flac
1602,uspop2002_74.jams,uspop2002_74.flac
1603,uspop2002_75.jams,uspop2002_75.flac
1604,uspop2002_76.jams,uspop2002_76.flac
1605,uspop2002_77.jams,uspop2002_77.flac
1606,uspop2002_78.jams,uspop2002_78.flac
1607,uspop2002_79.jams,uspop2002_79.flac
1608,uspop2002_8.jams,uspop2002_8.flac
1609,uspop2002_80.jams,uspop2002_80.flac
1610,uspop2002_81.jams,uspop2002_81.flac
1611,uspop2002_82.jams,uspop2002_82.flac
1612,uspop2002_83.jams,uspop2002_83.flac
1613,uspop2002_84.jams,uspop2002_84.flac
1614,uspop2002_85.jams,uspop2002_85.flac
1615,uspop2002_86.jams,uspop2002_86.flac
1616,uspop2002_87.jams,uspop2002_87.flac
1617,uspop2002_88.jams,uspop2002_88.flac
1618,uspop2002_89.jams,uspop2002_89.flac
1619,uspop2002_9.jams,uspop2002_9.flac
1620,uspop2002_90.jams,uspop2002_90.flac
1621,uspop2002_91.jams,uspop2002_91.flac
1622,uspop2002_92.jams,uspop2002_92.flac
1623,uspop2002_93.jams,uspop2002_93.flac
1624,uspop2002_94.jams,uspop2002_94.flac
1625,uspop2002_95.jams,uspop2002_95.flac
1626,uspop2002_96.jams,uspop2002_96.flac
1627,uspop2002_97.jams,uspop2002_97.flac
1628,uspop2002_98.jams,uspop2002_98.flac
1629,uspop2002_99.jams,uspop2002_99.flac
1630,schubert-winterreise-audio_0.jams,schubert-winterreise-audio_0.flac
1631,schubert-winterreise-audio_1.jams,schubert-winterreise-audio_1.flac
1632,schubert-winterreise-audio_10.jams,schubert-winterreise-audio_10.flac
1633,schubert-winterreise-audio_100.jams,schubert-winterreise-audio_100.flac
1634,schubert-winterreise-audio_101.jams,schubert-winterreise-audio_101.flac
1635,schubert-winterreise-audio_102.jams,schubert-winterreise-audio_102.flac
1636,schubert-winterreise-audio_103.jams,schubert-winterreise-audio_103.flac
1637,schubert-winterreise-audio_104.jams,schubert-winterreise-audio_104.flac
1638,schubert-winterreise-audio_105.jams,schubert-winterreise-audio_105.flac
1639,schubert-winterreise-audio_106.jams,schubert-winterreise-audio_106.flac
1640,schubert-winterreise-audio_107.jams,schubert-winterreise-audio_107.flac
1641,schubert-winterreise-audio_108.jams,schubert-winterreise-audio_108.flac
1642,schubert-winterreise-audio_109.jams,schubert-winterreise-audio_109.flac
1643,schubert-winterreise-audio_11.jams,schubert-winterreise-audio_11.flac
1644,schubert-winterreise-audio_110.jams,schubert-winterreise-audio_110.flac
1645,schubert-winterreise-audio_111.jams,schubert-winterreise-audio_111.flac
1646,schubert-winterreise-audio_112.jams,schubert-winterreise-audio_112.flac
1647,schubert-winterreise-audio_113.jams,schubert-winterreise-audio_113.flac
1648,schubert-winterreise-audio_114.jams,schubert-winterreise-audio_114.flac
1649,schubert-winterreise-audio_115.jams,schubert-winterreise-audio_115.flac
1650,schubert-winterreise-audio_116.jams,schubert-winterreise-audio_116.flac
1651,schubert-winterreise-audio_117.jams,schubert-winterreise-audio_117.flac
1652,schubert-winterreise-audio_118.jams,schubert-winterreise-audio_118.flac
1653,schubert-winterreise-audio_119.jams,schubert-winterreise-audio_119.flac
1654,schubert-winterreise-audio_12.jams,schubert-winterreise-audio_12.flac
1655,schubert-winterreise-audio_120.jams,schubert-winterreise-audio_120.flac
1656,schubert-winterreise-audio_121.jams,schubert-winterreise-audio_121.flac
1657,schubert-winterreise-audio_122.jams,schubert-winterreise-audio_122.flac
1658,schubert-winterreise-audio_123.jams,schubert-winterreise-audio_123.flac
1659,schubert-winterreise-audio_124.jams,schubert-winterreise-audio_124.flac
1660,schubert-winterreise-audio_125.jams,schubert-winterreise-audio_125.flac
1661,schubert-winterreise-audio_126.jams,schubert-winterreise-audio_126.flac
1662,schubert-winterreise-audio_127.jams,schubert-winterreise-audio_127.flac
1663,schubert-winterreise-audio_128.jams,schubert-winterreise-audio_128.flac
1664,schubert-winterreise-audio_129.jams,schubert-winterreise-audio_129.flac
1665,schubert-winterreise-audio_13.jams,schubert-winterreise-audio_13.flac
1666,schubert-winterreise-audio_130.jams,schubert-winterreise-audio_130.flac
1667,schubert-winterreise-audio_131.jams,schubert-winterreise-audio_131.flac
1668,schubert-winterreise-audio_132.jams,schubert-winterreise-audio_132.flac
1669,schubert-winterreise-audio_133.jams,schubert-winterreise-audio_133.flac
1670,schubert-winterreise-audio_134.jams,schubert-winterreise-audio_134.flac
1671,schubert-winterreise-audio_135.jams,schubert-winterreise-audio_135.flac
1672,schubert-winterreise-audio_136.jams,schubert-winterreise-audio_136.flac
1673,schubert-winterreise-audio_137.jams,schubert-winterreise-audio_137.flac
1674,schubert-winterreise-audio_138.jams,schubert-winterreise-audio_138.flac
1675,schubert-winterreise-audio_139.jams,schubert-winterreise-audio_139.flac
1676,schubert-winterreise-audio_14.jams,schubert-winterreise-audio_14.flac
1677,schubert-winterreise-audio_140.jams,schubert-winterreise-audio_140.flac
1678,schubert-winterreise-audio_141.jams,schubert-winterreise-audio_141.flac
1679,schubert-winterreise-audio_142.jams,schubert-winterreise-audio_142.flac
1680,schubert-winterreise-audio_143.jams,schubert-winterreise-audio_143.flac
1681,schubert-winterreise-audio_144.jams,schubert-winterreise-audio_144.flac
1682,schubert-winterreise-audio_145.jams,schubert-winterreise-audio_145.flac
1683,schubert-winterreise-audio_146.jams,schubert-winterreise-audio_146.flac
1684,schubert-winterreise-audio_147.jams,schubert-winterreise-audio_147.flac
1685,schubert-winterreise-audio_148.jams,schubert-winterreise-audio_148.flac
1686,schubert-winterreise-audio_149.jams,schubert-winterreise-audio_149.flac
1687,schubert-winterreise-audio_15.jams,schubert-winterreise-audio_15.flac
1688,schubert-winterreise-audio_150.jams,schubert-winterreise-audio_150.flac
1689,schubert-winterreise-audio_151.jams,schubert-winterreise-audio_151.flac
1690,schubert-winterreise-audio_152.jams,schubert-winterreise-audio_152.flac
1691,schubert-winterreise-audio_153.jams,schubert-winterreise-audio_153.flac
1692,schubert-winterreise-audio_154.jams,schubert-winterreise-audio_154.flac
1693,schubert-winterreise-audio_155.jams,schubert-winterreise-audio_155.flac
1694,schubert-winterreise-audio_156.jams,schubert-winterreise-audio_156.flac
1695,schubert-winterreise-audio_157.jams,schubert-winterreise-audio_157.flac
1696,schubert-winterreise-audio_158.jams,schubert-winterreise-audio_158.flac
1697,schubert-winterreise-audio_159.jams,schubert-winterreise-audio_159.flac
1698,schubert-winterreise-audio_16.jams,schubert-winterreise-audio_16.flac
1699,schubert-winterreise-audio_160.jams,schubert-winterreise-audio_160.flac
1700,schubert-winterreise-audio_161.jams,schubert-winterreise-audio_161.flac
1701,schubert-winterreise-audio_162.jams,schubert-winterreise-audio_162.flac
1702,schubert-winterreise-audio_163.jams,schubert-winterreise-audio_163.flac
1703,schubert-winterreise-audio_164.jams,schubert-winterreise-audio_164.flac
1704,schubert-winterreise-audio_165.jams,schubert-winterreise-audio_165.flac
1705,schubert-winterreise-audio_166.jams,schubert-winterreise-audio_166.flac
1706,schubert-winterreise-audio_167.jams,schubert-winterreise-audio_167.flac
1707,schubert-winterreise-audio_168.jams,schubert-winterreise-audio_168.flac
1708,schubert-winterreise-audio_169.jams,schubert-winterreise-audio_169.flac
1709,schubert-winterreise-audio_17.jams,schubert-winterreise-audio_17.flac
1710,schubert-winterreise-audio_170.jams,schubert-winterreise-audio_170.flac
1711,schubert-winterreise-audio_171.jams,schubert-winterreise-audio_171.flac
1712,schubert-winterreise-audio_172.jams,schubert-winterreise-audio_172.flac
1713,schubert-winterreise-audio_173.jams,schubert-winterreise-audio_173.flac
1714,schubert-winterreise-audio_174.jams,schubert-winterreise-audio_174.flac
1715,schubert-winterreise-audio_175.jams,schubert-winterreise-audio_175.flac
1716,schubert-winterreise-audio_176.jams,schubert-winterreise-audio_176.flac
1717,schubert-winterreise-audio_177.jams,schubert-winterreise-audio_177.flac
1718,schubert-winterreise-audio_178.jams,schubert-winterreise-audio_178.flac
1719,schubert-winterreise-audio_179.jams,schubert-winterreise-audio_179.flac
1720,schubert-winterreise-audio_18.jams,schubert-winterreise-audio_18.flac
1721,schubert-winterreise-audio_180.jams,schubert-winterreise-audio_180.flac
1722,schubert-winterreise-audio_181.jams,schubert-winterreise-audio_181.flac
1723,schubert-winterreise-audio_182.jams,schubert-winterreise-audio_182.flac
1724,schubert-winterreise-audio_183.jams,schubert-winterreise-audio_183.flac
1725,schubert-winterreise-audio_184.jams,schubert-winterreise-audio_184.flac
1726,schubert-winterreise-audio_185.jams,schubert-winterreise-audio_185.flac
1727,schubert-winterreise-audio_186.jams,schubert-winterreise-audio_186.flac
1728,schubert-winterreise-audio_187.jams,schubert-winterreise-audio_187.flac
1729,schubert-winterreise-audio_188.jams,schubert-winterreise-audio_188.flac
1730,schubert-winterreise-audio_189.jams,schubert-winterreise-audio_189.flac
1731,schubert-winterreise-audio_19.jams,schubert-winterreise-audio_19.flac
1732,schubert-winterreise-audio_190.jams,schubert-winterreise-audio_190.flac
1733,schubert-winterreise-audio_191.jams,schubert-winterreise-audio_191.flac
1734,schubert-winterreise-audio_192.jams,schubert-winterreise-audio_192.flac
1735,schubert-winterreise-audio_193.jams,schubert-winterreise-audio_193.flac
1736,schubert-winterreise-audio_194.jams,schubert-winterreise-audio_194.flac
1737,schubert-winterreise-audio_195.jams,schubert-winterreise-audio_195.flac
1738,schubert-winterreise-audio_196.jams,schubert-winterreise-audio_196.flac
1739,schubert-winterreise-audio_197.jams,schubert-winterreise-audio_197.flac
1740,schubert-winterreise-audio_198.jams,schubert-winterreise-audio_198.flac
1741,schubert-winterreise-audio_199.jams,schubert-winterreise-audio_199.flac
1742,schubert-winterreise-audio_2.jams,schubert-winterreise-audio_2.flac
1743,schubert-winterreise-audio_20.jams,schubert-winterreise-audio_20.flac
1744,schubert-winterreise-audio_200.jams,schubert-winterreise-audio_200.flac
1745,schubert-winterreise-audio_201.jams,schubert-winterreise-audio_201.flac
1746,schubert-winterreise-audio_202.jams,schubert-winterreise-audio_202.flac
1747,schubert-winterreise-audio_203.jams,schubert-winterreise-audio_203.flac
1748,schubert-winterreise-audio_204.jams,schubert-winterreise-audio_204.flac
1749,schubert-winterreise-audio_205.jams,schubert-winterreise-audio_205.flac
1750,schubert-winterreise-audio_206.jams,schubert-winterreise-audio_206.flac
1751,schubert-winterreise-audio_207.jams,schubert-winterreise-audio_207.flac
1752,schubert-winterreise-audio_208.jams,schubert-winterreise-audio_208.flac
1753,schubert-winterreise-audio_209.jams,schubert-winterreise-audio_209.flac
1754,schubert-winterreise-audio_21.jams,schubert-winterreise-audio_21.flac
1755,schubert-winterreise-audio_210.jams,schubert-winterreise-audio_210.flac
1756,schubert-winterreise-audio_211.jams,schubert-winterreise-audio_211.flac
1757,schubert-winterreise-audio_212.jams,schubert-winterreise-audio_212.flac
1758,schubert-winterreise-audio_213.jams,schubert-winterreise-audio_213.flac
1759,schubert-winterreise-audio_214.jams,schubert-winterreise-audio_214.flac
1760,schubert-winterreise-audio_215.jams,schubert-winterreise-audio_215.flac
1761,schubert-winterreise-audio_22.jams,schubert-winterreise-audio_22.flac
1762,schubert-winterreise-audio_23.jams,schubert-winterreise-audio_23.flac
1763,schubert-winterreise-audio_24.jams,schubert-winterreise-audio_24.flac
1764,schubert-winterreise-audio_25.jams,schubert-winterreise-audio_25.flac
1765,schubert-winterreise-audio_26.jams,schubert-winterreise-audio_26.flac
1766,schubert-winterreise-audio_27.jams,schubert-winterreise-audio_27.flac
1767,schubert-winterreise-audio_28.jams,schubert-winterreise-audio_28.flac
1768,schubert-winterreise-audio_29.jams,schubert-winterreise-audio_29.flac
1769,schubert-winterreise-audio_3.jams,schubert-winterreise-audio_3.flac
1770,schubert-winterreise-audio_30.jams,schubert-winterreise-audio_30.flac
1771,schubert-winterreise-audio_31.jams,schubert-winterreise-audio_31.flac
1772,schubert-winterreise-audio_32.jams,schubert-winterreise-audio_32.flac
1773,schubert-winterreise-audio_33.jams,schubert-winterreise-audio_33.flac
1774,schubert-winterreise-audio_34.jams,schubert-winterreise-audio_34.flac
1775,schubert-winterreise-audio_35.jams,schubert-winterreise-audio_35.flac
1776,schubert-winterreise-audio_36.jams,schubert-winterreise-audio_36.flac
1777,schubert-winterreise-audio_37.jams,schubert-winterreise-audio_37.flac
1778,schubert-winterreise-audio_38.jams,schubert-winterreise-audio_38.flac
1779,schubert-winterreise-audio_39.jams,schubert-winterreise-audio_39.flac
1780,schubert-winterreise-audio_4.jams,schubert-winterreise-audio_4.flac
1781,schubert-winterreise-audio_40.jams,schubert-winterreise-audio_40.flac
1782,schubert-winterreise-audio_41.jams,schubert-winterreise-audio_41.flac
1783,schubert-winterreise-audio_42.jams,schubert-winterreise-audio_42.flac
1784,schubert-winterreise-audio_43.jams,schubert-winterreise-audio_43.flac
1785,schubert-winterreise-audio_44.jams,schubert-winterreise-audio_44.flac
1786,schubert-winterreise-audio_45.jams,schubert-winterreise-audio_45.flac
1787,schubert-winterreise-audio_46.jams,schubert-winterreise-audio_46.flac
1788,schubert-winterreise-audio_47.jams,schubert-winterreise-audio_47.flac
1789,schubert-winterreise-audio_48.jams,schubert-winterreise-audio_48.flac
1790,schubert-winterreise-audio_49.jams,schubert-winterreise-audio_49.flac
1791,schubert-winterreise-audio_5.jams,schubert-winterreise-audio_5.flac
1792,schubert-winterreise-audio_50.jams,schubert-winterreise-audio_50.flac
1793,schubert-winterreise-audio_51.jams,schubert-winterreise-audio_51.flac
1794,schubert-winterreise-audio_52.jams,schubert-winterreise-audio_52.flac
1795,schubert-winterreise-audio_53.jams,schubert-winterreise-audio_53.flac
1796,schubert-winterreise-audio_54.jams,schubert-winterreise-audio_54.flac
1797,schubert-winterreise-audio_55.jams,schubert-winterreise-audio_55.flac
1798,schubert-winterreise-audio_56.jams,schubert-winterreise-audio_56.flac
1799,schubert-winterreise-audio_57.jams,schubert-winterreise-audio_57.flac
1800,schubert-winterreise-audio_58.jams,schubert-winterreise-audio_58.flac
1801,schubert-winterreise-audio_59.jams,schubert-winterreise-audio_59.flac
1802,schubert-winterreise-audio_6.jams,schubert-winterreise-audio_6.flac
1803,schubert-winterreise-audio_60.jams,schubert-winterreise-audio_60.flac
1804,schubert-winterreise-audio_61.jams,schubert-winterreise-audio_61.flac
1805,schubert-winterreise-audio_62.jams,schubert-winterreise-audio_62.flac
1806,schubert-winterreise-audio_63.jams,schubert-winterreise-audio_63.flac
1807,schubert-winterreise-audio_64.jams,schubert-winterreise-audio_64.flac
1808,schubert-winterreise-audio_65.jams,schubert-winterreise-audio_65.flac
1809,schubert-winterreise-audio_66.jams,schubert-winterreise-audio_66.flac
1810,schubert-winterreise-audio_67.jams,schubert-winterreise-audio_67.flac
1811,schubert-winterreise-audio_68.jams,schubert-winterreise-audio_68.flac
1812,schubert-winterreise-audio_69.jams,schubert-winterreise-audio_69.flac
1813,schubert-winterreise-audio_7.jams,schubert-winterreise-audio_7.flac
1814,schubert-winterreise-audio_70.jams,schubert-winterreise-audio_70.flac
1815,schubert-winterreise-audio_71.jams,schubert-winterreise-audio_71.flac
1816,schubert-winterreise-audio_72.jams,schubert-winterreise-audio_72.flac
1817,schubert-winterreise-audio_73.jams,schubert-winterreise-audio_73.flac
1818,schubert-winterreise-audio_74.jams,schubert-winterreise-audio_74.flac
1819,schubert-winterreise-audio_75.jams,schubert-winterreise-audio_75.flac
1820,schubert-winterreise-audio_76.jams,schubert-winterreise-audio_76.flac
1821,schubert-winterreise-audio_77.jams,schubert-winterreise-audio_77.flac
1822,schubert-winterreise-audio_78.jams,schubert-winterreise-audio_78.flac
1823,schubert-winterreise-audio_79.jams,schubert-winterreise-audio_79.flac
1824,schubert-winterreise-audio_8.jams,schubert-winterreise-audio_8.flac
1825,schubert-winterreise-audio_80.jams,schubert-winterreise-audio_80.flac
1826,schubert-winterreise-audio_81.jams,schubert-winterreise-audio_81.flac
1827,schubert-winterreise-audio_82.jams,schubert-winterreise-audio_82.flac
1828,schubert-winterreise-audio_83.jams,schubert-winterreise-audio_83.flac
1829,schubert-winterreise-audio_84.jams,schubert-winterreise-audio_84.flac
1830,schubert-winterreise-audio_85.jams,schubert-winterreise-audio_85.flac
1831,schubert-winterreise-audio_86.jams,schubert-winterreise-audio_86.flac
1832,schubert-winterreise-audio_87.jams,schubert-winterreise-audio_87.flac
1833,schubert-winterreise-audio_88.jams,schubert-winterreise-audio_88.flac
1834,schubert-winterreise-audio_89.jams,schubert-winterreise-audio_89.flac
1835,schubert-winterreise-audio_9.jams,schubert-winterreise-audio_9.flac
1836,schubert-winterreise-audio_90.jams,schubert-winterreise-audio_90.flac
1837,schubert-winterreise-audio_91.jams,schubert-winterreise-audio_91.flac
1838,schubert-winterreise-audio_92.jams,schubert-winterreise-audio_92.flac
1839,schubert-winterreise-audio_93.jams,schubert-winterreise-audio_93.flac
1840,schubert-winterreise-audio_94.jams,schubert-winterreise-audio_94.flac
1841,schubert-winterreise-audio_95.jams,schubert-winterreise-audio_95.flac
1842,schubert-winterreise-audio_96.jams,schubert-winterreise-audio_96.flac
1843,schubert-winterreise-audio_97.jams,schubert-winterreise-audio_97.flac
1844,schubert-winterreise-audio_98.jams,schubert-winterreise-audio_98.flac
1845,schubert-winterreise-audio_99.jams,schubert-winterreise-audio_99.flac
1846,robbie-williams_0.jams,robbie-williams_0.flac
1847,robbie-williams_1.jams,robbie-williams_1.flac
1848,robbie-williams_10.jams,robbie-williams_10.flac
1849,robbie-williams_11.jams,robbie-williams_11.flac
1850,robbie-williams_12.jams,robbie-williams_12.flac
1851,robbie-williams_13.jams,robbie-williams_13.flac
1852,robbie-williams_14.jams,robbie-williams_14.flac
1853,robbie-williams_15.jams,robbie-williams_15.flac
1854,robbie-williams_16.jams,robbie-williams_16.flac
1855,robbie-williams_17.jams,robbie-williams_17.flac
1856,robbie-williams_18.jams,robbie-williams_18.flac
1857,robbie-williams_19.jams,robbie-williams_19.flac
1858,robbie-williams_2.jams,robbie-williams_2.flac
1859,robbie-williams_20.jams,robbie-williams_20.flac
1860,robbie-williams_21.jams,robbie-williams_21.flac
1861,robbie-williams_22.jams,robbie-williams_22.flac
1862,robbie-williams_23.jams,robbie-williams_23.flac
1863,robbie-williams_24.jams,robbie-williams_24.flac
1864,robbie-williams_25.jams,robbie-williams_25.flac
1865,robbie-williams_26.jams,robbie-williams_26.flac
1866,robbie-williams_27.jams,robbie-williams_27.flac
1867,robbie-williams_28.jams,robbie-williams_28.flac
1868,robbie-williams_29.jams,robbie-williams_29.flac
1869,robbie-williams_3.jams,robbie-williams_3.flac
1870,robbie-williams_30.jams,robbie-williams_30.flac
1871,robbie-williams_31.jams,robbie-williams_31.flac
1872,robbie-williams_32.jams,robbie-williams_32.flac
1873,robbie-williams_33.jams,robbie-williams_33.flac
1874,robbie-williams_34.jams,robbie-williams_34.flac
1875,robbie-williams_35.jams,robbie-williams_35.flac
1876,robbie-williams_36.jams,robbie-williams_36.flac
1877,robbie-williams_37.jams,robbie-williams_37.flac
1878,robbie-williams_38.jams,robbie-williams_38.flac
1879,robbie-williams_39.jams,robbie-williams_39.flac
1880,robbie-williams_4.jams,robbie-williams_4.flac
1881,robbie-williams_40.jams,robbie-williams_40.flac
1882,robbie-williams_41.jams,robbie-williams_41.flac
1883,robbie-williams_42.jams,robbie-williams_42.flac
1884,robbie-williams_43.jams,robbie-williams_43.flac
1885,robbie-williams_44.jams,robbie-williams_44.flac
1886,robbie-williams_45.jams,robbie-williams_45.flac
1887,robbie-williams_46.jams,robbie-williams_46.flac
1888,robbie-williams_47.jams,robbie-williams_47.flac
1889,robbie-williams_48.jams,robbie-williams_48.flac
1890,robbie-williams_49.jams,robbie-williams_49.flac
1891,robbie-williams_5.jams,robbie-williams_5.flac
1892,robbie-williams_50.jams,robbie-williams_50.flac
1893,robbie-williams_51.jams,robbie-williams_51.flac
1894,robbie-williams_52.jams,robbie-williams_52.flac
1895,robbie-williams_53.jams,robbie-williams_53.flac
1896,robbie-williams_54.jams,robbie-williams_54.flac
1897,robbie-williams_55.jams,robbie-williams_55.flac
1898,robbie-williams_56.jams,robbie-williams_56.flac
1899,robbie-williams_57.jams,robbie-williams_57.flac
1900,robbie-williams_58.jams,robbie-williams_58.flac
1901,robbie-williams_59.jams,robbie-williams_59.flac
1902,robbie-williams_6.jams,robbie-williams_6.flac
1903,robbie-williams_60.jams,robbie-williams_60.flac
1904,robbie-williams_61.jams,robbie-williams_61.flac
1905,robbie-williams_7.jams,robbie-williams_7.flac
1906,robbie-williams_8.jams,robbie-williams_8.flac
1907,robbie-williams_9.jams,robbie-williams_9.flac
1908,RM-P001.wav,rwc-pop_0.flac
1909,RM-P002.wav,rwc-pop_1.flac
1910,RM-P003.wav,rwc-pop_2.flac
1911,RM-P004.wav,rwc-pop_3.flac
1912,RM-P005.wav,rwc-pop_4.flac
1913,RM-P006.wav,rwc-pop_5.flac
1914,RM-P007.wav,rwc-pop_6.flac
1915,RM-P008.wav,rwc-pop_7.flac
1916,RM-P009.wav,rwc-pop_8.flac
1917,RM-P010.wav,rwc-pop_9.flac
1918,RM-P011.wav,rwc-pop_10.flac
1919,RM-P012.wav,rwc-pop_11.flac
1920,RM-P013.wav,rwc-pop_12.flac
1921,RM-P014.wav,rwc-pop_13.flac
1922,RM-P015.wav,rwc-pop_14.flac
1923,RM-P016.wav,rwc-pop_15.flac
1924,RM-P017.wav,rwc-pop_16.flac
1925,RM-P018.wav,rwc-pop_17.flac
1926,RM-P019.wav,rwc-pop_18.flac
1927,RM-P020.wav,rwc-pop_19.flac
1928,RM-P021.wav,rwc-pop_20.flac
1929,RM-P022.wav,rwc-pop_21.flac
1930,RM-P023.wav,rwc-pop_22.flac
1931,RM-P024.wav,rwc-pop_23.flac
1932,RM-P025.wav,rwc-pop_24.flac
1933,RM-P026.wav,rwc-pop_25.flac
1934,RM-P027.wav,rwc-pop_26.flac
1935,RM-P028.wav,rwc-pop_27.flac
1936,RM-P029.wav,rwc-pop_28.flac
1937,RM-P030.wav,rwc-pop_29.flac
1938,RM-P031.wav,rwc-pop_30.flac
1939,RM-P032.wav,rwc-pop_31.flac
1940,RM-P033.wav,rwc-pop_32.flac
1941,RM-P034.wav,rwc-pop_33.flac
1942,RM-P035.wav,rwc-pop_34.flac
1943,RM-P036.wav,rwc-pop_35.flac
1944,RM-P037.wav,rwc-pop_36.flac
1945,RM-P038.wav,rwc-pop_37.flac
1946,RM-P039.wav,rwc-pop_38.flac
1947,RM-P040.wav,rwc-pop_39.flac
1948,RM-P041.wav,rwc-pop_40.flac
1949,RM-P042.wav,rwc-pop_41.flac
1950,RM-P043.wav,rwc-pop_42.flac
1951,RM-P044.wav,rwc-pop_43.flac
1952,RM-P045.wav,rwc-pop_44.flac
1953,RM-P046.wav,rwc-pop_45.flac
1954,RM-P047.wav,rwc-pop_46.flac
1955,RM-P048.wav,rwc-pop_47.flac
1956,RM-P049.wav,rwc-pop_48.flac
1957,RM-P050.wav,rwc-pop_49.flac
1958,RM-P051.wav,rwc-pop_50.flac
1959,RM-P052.wav,rwc-pop_51.flac
1960,RM-P053.wav,rwc-pop_52.flac
1961,RM-P054.wav,rwc-pop_53.flac
1962,RM-P055.wav,rwc-pop_54.flac
1963,RM-P056.wav,rwc-pop_55.flac
1964,RM-P057.wav,rwc-pop_56.flac
1965,RM-P058.wav,rwc-pop_57.flac
1966,RM-P059.wav,rwc-pop_58.flac
1967,RM-P060.wav,rwc-pop_59.flac
1968,RM-P061.wav,rwc-pop_60.flac
1969,RM-P062.wav,rwc-pop_61.flac
1970,RM-P063.wav,rwc-pop_62.flac
1971,RM-P064.wav,rwc-pop_63.flac
1972,RM-P065.wav,rwc-pop_64.flac
1973,RM-P066.wav,rwc-pop_65.flac
1974,RM-P067.wav,rwc-pop_66.flac
1975,RM-P068.wav,rwc-pop_67.flac
1976,RM-P069.wav,rwc-pop_68.flac
1977,RM-P070.wav,rwc-pop_69.flac
1978,RM-P071.wav,rwc-pop_70.flac
1979,RM-P072.wav,rwc-pop_71.flac
1980,RM-P073.wav,rwc-pop_72.flac
1981,RM-P074.wav,rwc-pop_73.flac
1982,RM-P075.wav,rwc-pop_74.flac
1983,RM-P076.wav,rwc-pop_75.flac
1984,RM-P077.wav,rwc-pop_76.flac
1985,RM-P078.wav,rwc-pop_77.flac
1986,RM-P079.wav,rwc-pop_78.flac
1987,RM-P080.wav,rwc-pop_79.flac
1988,RM-P081.wav,rwc-pop_80.flac
1989,RM-P082.wav,rwc-pop_81.flac
1990,RM-P083.wav,rwc-pop_82.flac
1991,RM-P084.wav,rwc-pop_83.flac
1992,RM-P085.wav,rwc-pop_84.flac
1993,RM-P086.wav,rwc-pop_85.flac
1994,RM-P087.wav,rwc-pop_86.flac
1995,RM-P088.wav,rwc-pop_87.flac
1996,RM-P089.wav,rwc-pop_88.flac
1997,RM-P090.wav,rwc-pop_89.flac
1998,RM-P091.wav,rwc-pop_90.flac
1999,RM-P092.wav,rwc-pop_91.flac
2000,RM-P093.wav,rwc-pop_92.flac
2001,RM-P094.wav,rwc-pop_93.flac
2002,RM-P095.wav,rwc-pop_94.flac
2003,RM-P096.wav,rwc-pop_95.flac
2004,RM-P097.wav,rwc-pop_96.flac
2005,RM-P098.wav,rwc-pop_97.flac
2006,RM-P099.wav,rwc-pop_98.flac
2007,RM-P100.wav,rwc-pop_99.flac
2008,casd_0.jams,casd_0.flac
2009,casd_1.jams,casd_1.flac
2010,casd_10.jams,casd_10.flac
2011,casd_11.jams,casd_11.flac
2012,casd_12.jams,casd_12.flac
2013,casd_13.jams,casd_13.flac
2014,casd_14.jams,casd_14.flac
2015,casd_15.jams,casd_15.flac
2016,casd_16.jams,casd_16.flac
2017,casd_17.jams,casd_17.flac
2018,casd_18.jams,casd_18.flac
2019,casd_19.jams,casd_19.flac
2020,casd_2.jams,casd_2.flac
2021,casd_20.jams,casd_20.flac
2022,casd_21.jams,casd_21.flac
2023,casd_22.jams,casd_22.flac
2024,casd_23.jams,casd_23.flac
2025,casd_24.jams,casd_24.flac
2026,casd_25.jams,casd_25.flac
2027,casd_26.jams,casd_26.flac
2028,casd_27.jams,casd_27.flac
2029,casd_28.jams,casd_28.flac
2030,casd_29.jams,casd_29.flac
2031,casd_3.jams,casd_3.flac
2032,casd_30.jams,casd_30.flac
2033,casd_31.jams,casd_31.flac
2034,casd_32.jams,casd_32.flac
2035,casd_33.jams,casd_33.flac
2036,casd_34.jams,casd_34.flac
2037,casd_35.jams,casd_35.flac
2038,casd_36.jams,casd_36.flac
2039,casd_37.jams,casd_37.flac
2040,casd_38.jams,casd_38.flac
2041,casd_39.jams,casd_39.flac
2042,casd_4.jams,casd_4.flac
2043,casd_40.jams,casd_40.flac
2044,casd_41.jams,casd_41.flac
2045,casd_42.jams,casd_42.flac
2046,casd_43.jams,casd_43.flac
2047,casd_44.jams,casd_44.flac
2048,casd_45.jams,casd_45.flac
2049,casd_46.jams,casd_46.flac
2050,casd_47.jams,casd_47.flac
2051,casd_48.jams,casd_48.flac
2052,casd_49.jams,casd_49.flac
2053,casd_5.jams,casd_5.flac
2054,casd_6.jams,casd_6.flac
2055,casd_7.jams,casd_7.flac
2056,casd_8.jams,casd_8.flac
2057,casd_9.jams,casd_9.flac
2058,isophonics_0.jams,isophonics_0.flac
2059,isophonics_1.jams,isophonics_1.flac
2060,isophonics_100.jams,isophonics_100.flac
2061,isophonics_101.jams,isophonics_101.flac
2062,isophonics_102.jams,isophonics_102.flac
2063,isophonics_103.jams,isophonics_103.flac
2064,isophonics_104.jams,isophonics_104.flac
2065,isophonics_105.jams,isophonics_105.flac
2066,isophonics_106.jams,isophonics_106.flac
2067,isophonics_107.jams,isophonics_107.flac
2068,isophonics_108.jams,isophonics_108.flac
2069,isophonics_109.jams,isophonics_109.flac
2070,isophonics_110.jams,isophonics_110.flac
2071,isophonics_111.jams,isophonics_111.flac
2072,isophonics_112.jams,isophonics_112.flac
2073,isophonics_113.jams,isophonics_113.flac
2074,isophonics_114.jams,isophonics_114.flac
2075,isophonics_115.jams,isophonics_115.flac
2076,isophonics_116.jams,isophonics_116.flac
2077,isophonics_117.jams,isophonics_117.flac
2078,isophonics_118.jams,isophonics_118.flac
2079,isophonics_119.jams,isophonics_119.flac
2080,isophonics_120.jams,isophonics_120.flac
2081,isophonics_121.jams,isophonics_121.flac
2082,isophonics_122.jams,isophonics_122.flac
2083,isophonics_123.jams,isophonics_123.flac
2084,isophonics_124.jams,isophonics_124.flac
2085,isophonics_125.jams,isophonics_125.flac
2086,isophonics_126.jams,isophonics_126.flac
2087,isophonics_127.jams,isophonics_127.flac
2088,isophonics_128.jams,isophonics_128.flac
2089,isophonics_129.jams,isophonics_129.flac
2090,isophonics_130.jams,isophonics_130.flac
2091,isophonics_131.jams,isophonics_131.flac
2092,isophonics_132.jams,isophonics_132.flac
2093,isophonics_133.jams,isophonics_133.flac
2094,isophonics_134.jams,isophonics_134.flac
2095,isophonics_135.jams,isophonics_135.flac
2096,isophonics_136.jams,isophonics_136.flac
2097,isophonics_137.jams,isophonics_137.flac
2098,isophonics_138.jams,isophonics_138.flac
2099,isophonics_139.jams,isophonics_139.flac
2100,isophonics_14.jams,isophonics_14.flac
2101,isophonics_140.jams,isophonics_140.flac
2102,isophonics_141.jams,isophonics_141.flac
2103,isophonics_142.jams,isophonics_142.flac
2104,isophonics_143.jams,isophonics_143.flac
2105,isophonics_144.jams,isophonics_144.flac
2106,isophonics_145.jams,isophonics_145.flac
2107,isophonics_146.jams,isophonics_146.flac
2108,isophonics_147.jams,isophonics_147.flac
2109,isophonics_148.jams,isophonics_148.flac
2110,isophonics_149.jams,isophonics_149.flac
2111,isophonics_15.jams,isophonics_15.flac
2112,isophonics_150.jams,isophonics_150.flac
2113,isophonics_151.jams,isophonics_151.flac
2114,isophonics_152.jams,isophonics_152.flac
2115,isophonics_153.jams,isophonics_153.flac
2116,isophonics_154.jams,isophonics_154.flac
2117,isophonics_155.jams,isophonics_155.flac
2118,isophonics_156.jams,isophonics_156.flac
2119,isophonics_157.jams,isophonics_157.flac
2120,isophonics_158.jams,isophonics_158.flac
2121,isophonics_159.jams,isophonics_159.flac
2122,isophonics_16.jams,isophonics_16.flac
2123,isophonics_160.jams,isophonics_160.flac
2124,isophonics_161.jams,isophonics_161.flac
2125,isophonics_162.jams,isophonics_162.flac
2126,isophonics_163.jams,isophonics_163.flac
2127,isophonics_164.jams,isophonics_164.flac
2128,isophonics_165.jams,isophonics_165.flac
2129,isophonics_166.jams,isophonics_166.flac
2130,isophonics_167.jams,isophonics_167.flac
2131,isophonics_168.jams,isophonics_168.flac
2132,isophonics_169.jams,isophonics_169.flac
2133,isophonics_17.jams,isophonics_17.flac
2134,isophonics_170.jams,isophonics_170.flac
2135,isophonics_171.jams,isophonics_171.flac
2136,isophonics_172.jams,isophonics_172.flac
2137,isophonics_173.jams,isophonics_173.flac
2138,isophonics_174.jams,isophonics_174.flac
2139,isophonics_175.jams,isophonics_175.flac
2140,isophonics_176.jams,isophonics_176.flac
2141,isophonics_177.jams,isophonics_177.flac
2142,isophonics_178.jams,isophonics_178.flac
2143,isophonics_179.jams,isophonics_179.flac
2144,isophonics_18.jams,isophonics_18.flac
2145,isophonics_180.jams,isophonics_180.flac
2146,isophonics_181.jams,isophonics_181.flac
2147,isophonics_182.jams,isophonics_182.flac
2148,isophonics_183.jams,isophonics_183.flac
2149,isophonics_184.jams,isophonics_184.flac
2150,isophonics_185.jams,isophonics_185.flac
2151,isophonics_186.jams,isophonics_186.flac
2152,isophonics_187.jams,isophonics_187.flac
2153,isophonics_188.jams,isophonics_188.flac
2154,isophonics_189.jams,isophonics_189.flac
2155,isophonics_19.jams,isophonics_19.flac
2156,isophonics_190.jams,isophonics_190.flac
2157,isophonics_191.jams,isophonics_191.flac
2158,isophonics_192.jams,isophonics_192.flac
2159,isophonics_193.jams,isophonics_193.flac
2160,isophonics_194.jams,isophonics_194.flac
2161,isophonics_195.jams,isophonics_195.flac
2162,isophonics_196.jams,isophonics_196.flac
2163,isophonics_197.jams,isophonics_197.flac
2164,isophonics_198.jams,isophonics_198.flac
2165,isophonics_199.jams,isophonics_199.flac
2166,isophonics_2.jams,isophonics_2.flac
2167,isophonics_20.jams,isophonics_20.flac
2168,isophonics_200.jams,isophonics_200.flac
2169,isophonics_201.jams,isophonics_201.flac
2170,isophonics_202.jams,isophonics_202.flac
2171,isophonics_203.jams,isophonics_203.flac
2172,isophonics_204.jams,isophonics_204.flac
2173,isophonics_205.jams,isophonics_205.flac
2174,isophonics_206.jams,isophonics_206.flac
2175,isophonics_207.jams,isophonics_207.flac
2176,isophonics_208.jams,isophonics_208.flac
2177,isophonics_209.jams,isophonics_209.flac
2178,isophonics_21.jams,isophonics_21.flac
2179,isophonics_210.jams,isophonics_210.flac
2180,isophonics_211.jams,isophonics_211.flac
2181,isophonics_212.jams,isophonics_212.flac
2182,isophonics_213.jams,isophonics_213.flac
2183,isophonics_214.jams,isophonics_214.flac
2184,isophonics_215.jams,isophonics_215.flac
2185,isophonics_216.jams,isophonics_216.flac
2186,isophonics_217.jams,isophonics_217.flac
2187,isophonics_218.jams,isophonics_218.flac
2188,isophonics_219.jams,isophonics_219.flac
2189,isophonics_22.jams,isophonics_22.flac
2190,isophonics_220.jams,isophonics_220.flac
2191,isophonics_221.jams,isophonics_221.flac
2192,isophonics_222.jams,isophonics_222.flac
2193,isophonics_223.jams,isophonics_223.flac
2194,isophonics_224.jams,isophonics_224.flac
2195,isophonics_225.jams,isophonics_225.flac
2196,isophonics_226.jams,isophonics_226.flac
2197,isophonics_227.jams,isophonics_227.flac
2198,isophonics_228.jams,isophonics_228.flac
2199,isophonics_229.jams,isophonics_229.flac
2200,isophonics_23.jams,isophonics_23.flac
2201,isophonics_230.jams,isophonics_230.flac
2202,isophonics_231.jams,isophonics_231.flac
2203,isophonics_232.jams,isophonics_232.flac
2204,isophonics_233.jams,isophonics_233.flac
2205,isophonics_234.jams,isophonics_234.flac
2206,isophonics_235.jams,isophonics_235.flac
2207,isophonics_236.jams,isophonics_236.flac
2208,isophonics_237.jams,isophonics_237.flac
2209,isophonics_238.jams,isophonics_238.flac
2210,isophonics_239.jams,isophonics_239.flac
2211,isophonics_24.jams,isophonics_24.flac
2212,isophonics_240.jams,isophonics_240.flac
2213,isophonics_241.jams,isophonics_241.flac
2214,isophonics_242.jams,isophonics_242.flac
2215,isophonics_243.jams,isophonics_243.flac
2216,isophonics_244.jams,isophonics_244.flac
2217,isophonics_245.jams,isophonics_245.flac
2218,isophonics_246.jams,isophonics_246.flac
2219,isophonics_247.jams,isophonics_247.flac
2220,isophonics_248.jams,isophonics_248.flac
2221,isophonics_249.jams,isophonics_249.flac
2222,isophonics_25.jams,isophonics_25.flac
2223,isophonics_26.jams,isophonics_26.flac
2224,isophonics_266.jams,isophonics_266.flac
2225,isophonics_267.jams,isophonics_267.flac
2226,isophonics_268.jams,isophonics_268.flac
2227,isophonics_27.jams,isophonics_27.flac
2228,isophonics_270.jams,isophonics_270.flac
2229,isophonics_271.jams,isophonics_271.flac
2230,isophonics_273.jams,isophonics_273.flac
2231,isophonics_274.jams,isophonics_274.flac
2232,isophonics_275.jams,isophonics_275.flac
2233,isophonics_276.jams,isophonics_276.flac
2234,isophonics_277.jams,isophonics_277.flac
2235,isophonics_278.jams,isophonics_278.flac
2236,isophonics_279.jams,isophonics_279.flac
2237,isophonics_28.jams,isophonics_28.flac
2238,isophonics_280.jams,isophonics_280.flac
2239,isophonics_282.jams,isophonics_282.flac
2240,isophonics_287.jams,isophonics_287.flac
2241,isophonics_288.jams,isophonics_288.flac
2242,isophonics_289.jams,isophonics_289.flac
2243,isophonics_29.jams,isophonics_29.flac
2244,isophonics_290.jams,isophonics_290.flac
2245,isophonics_296.jams,isophonics_296.flac
2246,isophonics_299.jams,isophonics_299.flac
2247,isophonics_3.jams,isophonics_3.flac
2248,isophonics_30.jams,isophonics_30.flac
2249,isophonics_31.jams,isophonics_31.flac
2250,isophonics_4.jams,isophonics_4.flac
2251,isophonics_5.jams,isophonics_5.flac
2252,isophonics_6.jams,isophonics_6.flac
2253,isophonics_70.jams,isophonics_70.flac
2254,isophonics_71.jams,isophonics_71.flac
2255,isophonics_72.jams,isophonics_72.flac
2256,isophonics_73.jams,isophonics_73.flac
2257,isophonics_74.jams,isophonics_74.flac
2258,isophonics_75.jams,isophonics_75.flac
2259,isophonics_76.jams,isophonics_76.flac
2260,isophonics_77.jams,isophonics_77.flac
2261,isophonics_78.jams,isophonics_78.flac
2262,isophonics_79.jams,isophonics_79.flac
2263,isophonics_80.jams,isophonics_80.flac
2264,isophonics_81.jams,isophonics_81.flac
2265,isophonics_82.jams,isophonics_82.flac
2266,isophonics_83.jams,isophonics_83.flac
2267,isophonics_84.jams,isophonics_84.flac
2268,isophonics_85.jams,isophonics_85.flac
2269,isophonics_86.jams,isophonics_86.flac
2270,isophonics_87.jams,isophonics_87.flac
2271,isophonics_88.jams,isophonics_88.flac
2272,isophonics_89.jams,isophonics_89.flac
2273,isophonics_90.jams,isophonics_90.flac
2274,isophonics_91.jams,isophonics_91.flac
2275,isophonics_92.jams,isophonics_92.flac
2276,isophonics_93.jams,isophonics_93.flac
2277,isophonics_94.jams,isophonics_94.flac
2278,isophonics_95.jams,isophonics_95.flac
2279,isophonics_96.jams,isophonics_96.flac
2280,isophonics_97.jams,isophonics_97.flac
2281,isophonics_98.jams,isophonics_98.flac
2282,isophonics_99.jams,isophonics_99.flac
