jams_file,audio_file
billboard_100.jams,billboard_100.mp3
billboard_106.jams,billboard_106.mp3
billboard_107.jams,billboard_107.mp3
billboard_110.jams,billboard_110.mp3
billboard_111.jams,billboard_111.mp3
billboard_116.jams,billboard_116.mp3
billboard_12.jams,billboard_12.mp3
billboard_120.jams,billboard_120.mp3
billboard_126.jams,billboard_126.mp3
billboard_127.jams,billboard_127.mp3
billboard_130.jams,billboard_130.mp3
billboard_131.jams,billboard_131.mp3
billboard_136.jams,billboard_136.mp3
billboard_14.jams,billboard_14.mp3
billboard_141.jams,billboard_141.mp3
billboard_146.jams,billboard_146.mp3
billboard_147.jams,billboard_147.mp3
billboard_15.jams,billboard_15.mp3
billboard_150.jams,billboard_150.mp3
billboard_151.jams,billboard_151.mp3
billboard_157.jams,billboard_157.mp3
billboard_161.jams,billboard_161.mp3
billboard_166.jams,billboard_166.mp3
billboard_167.jams,billboard_167.mp3
billboard_170.jams,billboard_170.mp3
billboard_171.jams,billboard_171.mp3
billboard_177.jams,billboard_177.mp3
billboard_18.jams,billboard_18.mp3
billboard_182.jams,billboard_182.mp3
billboard_184.jams,billboard_184.mp3
billboard_185.jams,billboard_185.mp3
billboard_188.jams,billboard_188.mp3
billboard_189.jams,billboard_189.mp3
billboard_19.jams,billboard_19.mp3
billboard_192.jams,billboard_192.mp3
billboard_193.jams,billboard_193.mp3
billboard_194.jams,billboard_194.mp3
billboard_198.jams,billboard_198.mp3
billboard_202.jams,billboard_202.mp3
billboard_203.jams,billboard_203.mp3
billboard_205.jams,billboard_205.mp3
billboard_209.jams,billboard_209.mp3
billboard_213.jams,billboard_213.mp3
billboard_214.jams,billboard_214.mp3
billboard_215.jams,billboard_215.mp3
billboard_218.jams,billboard_218.mp3
billboard_219.jams,billboard_219.mp3
billboard_22.jams,billboard_22.mp3
billboard_222.jams,billboard_222.mp3
billboard_223.jams,billboard_223.mp3
billboard_225.jams,billboard_225.mp3
billboard_229.jams,billboard_229.mp3
billboard_23.jams,billboard_23.mp3
billboard_232.jams,billboard_232.mp3
billboard_233.jams,billboard_233.mp3
billboard_234.jams,billboard_234.mp3
billboard_235.jams,billboard_235.mp3
billboard_238.jams,billboard_238.mp3
billboard_239.jams,billboard_239.mp3
billboard_24.jams,billboard_24.mp3
billboard_242.jams,billboard_242.mp3
billboard_243.jams,billboard_243.mp3
billboard_244.jams,billboard_244.mp3
billboard_248.jams,billboard_248.mp3
billboard_252.jams,billboard_252.mp3
billboard_254.jams,billboard_254.mp3
billboard_255.jams,billboard_255.mp3
billboard_258.jams,billboard_258.mp3
billboard_259.jams,billboard_259.mp3
billboard_262.jams,billboard_262.mp3
billboard_263.jams,billboard_263.mp3
billboard_264.jams,billboard_264.mp3
billboard_265.jams,billboard_265.mp3
billboard_268.jams,billboard_268.mp3
billboard_272.jams,billboard_272.mp3
billboard_273.jams,billboard_273.mp3
billboard_274.jams,billboard_274.mp3
billboard_275.jams,billboard_275.mp3
billboard_278.jams,billboard_278.mp3
billboard_279.jams,billboard_279.mp3
billboard_28.jams,nan
billboard_280.jams,billboard_280.mp3
billboard_281.jams,billboard_281.mp3
billboard_287.jams,billboard_287.mp3
billboard_29.jams,billboard_29.mp3
billboard_291.jams,billboard_291.mp3
billboard_296.jams,billboard_296.mp3
billboard_297.jams,billboard_297.mp3
billboard_3.jams,billboard_3.mp3
billboard_301.jams,billboard_301.mp3
billboard_306.jams,billboard_306.mp3
billboard_307.jams,billboard_307.mp3
billboard_310.jams,billboard_310.mp3
billboard_311.jams,billboard_311.mp3
billboard_317.jams,billboard_317.mp3
billboard_32.jams,billboard_32.mp3
billboard_320.jams,billboard_320.mp3
billboard_321.jams,billboard_321.mp3
billboard_326.jams,billboard_326.mp3
billboard_327.jams,billboard_327.mp3
billboard_330.jams,billboard_330.mp3
billboard_331.jams,billboard_331.mp3
billboard_337.jams,billboard_337.mp3
billboard_34.jams,billboard_34.mp3
billboard_340.jams,billboard_340.mp3
billboard_346.jams,billboard_346.mp3
billboard_347.jams,billboard_347.mp3
billboard_35.jams,billboard_35.mp3
billboard_350.jams,billboard_350.mp3
billboard_351.jams,billboard_351.mp3
billboard_356.jams,billboard_356.mp3
billboard_360.jams,billboard_360.mp3
billboard_366.jams,billboard_366.mp3
billboard_367.jams,billboard_367.mp3
billboard_370.jams,billboard_370.mp3
billboard_371.jams,billboard_371.mp3
billboard_376.jams,billboard_376.mp3
billboard_377.jams,billboard_377.mp3
billboard_38.jams,billboard_38.mp3
billboard_383.jams,billboard_383.mp3
billboard_384.jams,billboard_384.mp3
billboard_385.jams,billboard_385.mp3
billboard_388.jams,billboard_388.mp3
billboard_389.jams,billboard_389.mp3
billboard_39.jams,billboard_39.mp3
billboard_392.jams,billboard_392.mp3
billboard_393.jams,billboard_393.mp3
billboard_395.jams,billboard_395.mp3
billboard_398.jams,billboard_398.mp3
billboard_399.jams,billboard_399.mp3
billboard_4.jams,billboard_4.mp3
billboard_403.jams,billboard_403.mp3
billboard_404.jams,billboard_404.mp3
billboard_405.jams,billboard_405.mp3
billboard_408.jams,billboard_408.mp3
billboard_409.jams,billboard_409.mp3
billboard_412.jams,billboard_412.mp3
billboard_413.jams,billboard_413.mp3
billboard_415.jams,billboard_415.mp3
billboard_419.jams,nan
billboard_42.jams,billboard_42.mp3
billboard_423.jams,billboard_423.mp3
billboard_424.jams,billboard_424.mp3
billboard_425.jams,billboard_425.mp3
billboard_428.jams,billboard_428.mp3
billboard_429.jams,billboard_429.mp3
billboard_43.jams,billboard_43.mp3
billboard_432.jams,billboard_432.mp3
billboard_433.jams,billboard_433.mp3
billboard_435.jams,billboard_435.mp3
billboard_439.jams,billboard_439.mp3
billboard_442.jams,billboard_442.mp3
billboard_444.jams,billboard_444.mp3
billboard_445.jams,billboard_445.mp3
billboard_448.jams,billboard_448.mp3
billboard_449.jams,billboard_449.mp3
billboard_45.jams,billboard_45.mp3
billboard_452.jams,billboard_452.mp3
billboard_453.jams,billboard_453.mp3
billboard_454.jams,billboard_454.mp3
billboard_458.jams,billboard_458.mp3
billboard_459.jams,billboard_459.mp3
billboard_462.jams,billboard_462.mp3
billboard_464.jams,billboard_464.mp3
billboard_465.jams,billboard_465.mp3
billboard_468.jams,billboard_468.mp3
billboard_469.jams,billboard_469.mp3
billboard_472.jams,billboard_472.mp3
billboard_473.jams,billboard_473.mp3
billboard_474.jams,billboard_474.mp3
billboard_478.jams,billboard_478.mp3
billboard_481.jams,billboard_481.mp3
billboard_486.jams,billboard_486.mp3
billboard_487.jams,billboard_487.mp3
billboard_49.jams,billboard_49.mp3
billboard_490.jams,billboard_490.mp3
billboard_491.jams,billboard_491.mp3
billboard_497.jams,billboard_497.mp3
billboard_5.jams,billboard_5.mp3
billboard_500.jams,billboard_500.mp3
billboard_501.jams,billboard_501.mp3
billboard_507.jams,billboard_507.mp3
billboard_511.jams,billboard_511.mp3
billboard_516.jams,billboard_516.mp3
billboard_517.jams,billboard_517.mp3
billboard_520.jams,billboard_520.mp3
billboard_521.jams,billboard_521.mp3
billboard_527.jams,billboard_527.mp3
billboard_53.jams,nan
billboard_531.jams,billboard_531.mp3
billboard_536.jams,billboard_536.mp3
billboard_537.jams,billboard_537.mp3
billboard_54.jams,billboard_54.mp3
billboard_540.jams,billboard_540.mp3
billboard_541.jams,billboard_541.mp3
billboard_546.jams,billboard_546.mp3
billboard_55.jams,billboard_55.mp3
billboard_550.jams,billboard_550.mp3
billboard_556.jams,billboard_556.mp3
billboard_557.jams,billboard_557.mp3
billboard_560.jams,billboard_560.mp3
billboard_561.jams,billboard_561.mp3
billboard_566.jams,billboard_566.mp3
billboard_570.jams,billboard_570.mp3
billboard_576.jams,billboard_576.mp3
billboard_577.jams,billboard_577.mp3
billboard_58.jams,billboard_58.mp3
billboard_582.jams,billboard_582.mp3
billboard_583.jams,billboard_583.mp3
billboard_585.jams,billboard_585.mp3
billboard_589.jams,billboard_589.mp3
billboard_59.jams,billboard_59.mp3
billboard_593.jams,billboard_593.mp3
billboard_594.jams,billboard_594.mp3
billboard_595.jams,billboard_595.mp3
billboard_598.jams,billboard_598.mp3
billboard_599.jams,billboard_599.mp3
billboard_602.jams,billboard_602.mp3
billboard_604.jams,billboard_604.mp3
billboard_605.jams,billboard_605.mp3
billboard_608.jams,billboard_608.mp3
billboard_609.jams,billboard_609.mp3
billboard_612.jams,billboard_612.mp3
billboard_613.jams,billboard_613.mp3
billboard_614.jams,billboard_614.mp3
billboard_618.jams,billboard_618.mp3
billboard_62.jams,billboard_62.mp3
billboard_622.jams,billboard_622.mp3
billboard_623.jams,billboard_623.mp3
billboard_624.jams,billboard_624.mp3
billboard_625.jams,billboard_625.mp3
billboard_628.jams,billboard_628.mp3
billboard_629.jams,billboard_629.mp3
billboard_63.jams,billboard_63.mp3
billboard_632.jams,billboard_632.mp3
billboard_633.jams,billboard_633.mp3
billboard_634.jams,billboard_634.mp3
billboard_635.jams,billboard_635.mp3
billboard_638.jams,billboard_638.mp3
billboard_643.jams,billboard_643.mp3
billboard_644.jams,billboard_644.mp3
billboard_645.jams,billboard_645.mp3
billboard_648.jams,billboard_648.mp3
billboard_649.jams,billboard_649.mp3
billboard_65.jams,billboard_65.mp3
billboard_652.jams,billboard_652.mp3
billboard_653.jams,billboard_653.mp3
billboard_655.jams,billboard_655.mp3
billboard_659.jams,billboard_659.mp3
billboard_662.jams,billboard_662.mp3
billboard_663.jams,billboard_663.mp3
billboard_664.jams,billboard_664.mp3
billboard_665.jams,billboard_665.mp3
billboard_668.jams,billboard_668.mp3
billboard_669.jams,billboard_669.mp3
billboard_672.jams,billboard_672.mp3
billboard_673.jams,billboard_673.mp3
billboard_675.jams,billboard_675.mp3
billboard_679.jams,billboard_679.mp3
billboard_68.jams,nan
billboard_680.jams,billboard_680.mp3
billboard_686.jams,billboard_686.mp3
billboard_687.jams,billboard_687.mp3
billboard_69.jams,billboard_69.mp3
billboard_690.jams,billboard_690.mp3
billboard_691.jams,billboard_691.mp3
billboard_696.jams,billboard_696.mp3
billboard_700.jams,billboard_700.mp3
billboard_701.jams,billboard_701.mp3
billboard_706.jams,billboard_706.mp3
billboard_710.jams,billboard_710.mp3
billboard_716.jams,billboard_716.mp3
billboard_717.jams,billboard_717.mp3
billboard_720.jams,billboard_720.mp3
billboard_721.jams,billboard_721.mp3
billboard_726.jams,billboard_726.mp3
billboard_727.jams,billboard_727.mp3
billboard_73.jams,billboard_73.mp3
billboard_730.jams,billboard_730.mp3
billboard_736.jams,billboard_736.mp3
billboard_737.jams,billboard_737.mp3
billboard_74.jams,billboard_74.mp3
billboard_740.jams,billboard_740.mp3
billboard_741.jams,billboard_741.mp3
billboard_747.jams,billboard_747.mp3
billboard_75.jams,billboard_75.mp3
billboard_751.jams,billboard_751.mp3
billboard_756.jams,billboard_756.mp3
billboard_757.jams,billboard_757.mp3
billboard_760.jams,billboard_760.mp3
billboard_761.jams,billboard_761.mp3
billboard_767.jams,billboard_767.mp3
billboard_770.jams,billboard_770.mp3
billboard_771.jams,billboard_771.mp3
billboard_776.jams,billboard_776.mp3
billboard_777.jams,billboard_777.mp3
billboard_78.jams,billboard_78.mp3
billboard_782.jams,billboard_782.mp3
billboard_783.jams,billboard_783.mp3
billboard_784.jams,billboard_784.mp3
billboard_788.jams,billboard_788.mp3
billboard_789.jams,billboard_789.mp3
billboard_79.jams,billboard_79.mp3
billboard_792.jams,billboard_792.mp3
billboard_794.jams,billboard_794.mp3
billboard_795.jams,billboard_795.mp3
billboard_798.jams,billboard_798.mp3
billboard_799.jams,billboard_799.mp3
billboard_8.jams,billboard_8.mp3
billboard_80.jams,billboard_80.mp3
billboard_803.jams,billboard_803.mp3
billboard_804.jams,billboard_804.mp3
billboard_805.jams,billboard_805.mp3
billboard_808.jams,billboard_808.mp3
billboard_809.jams,billboard_809.mp3
billboard_81.jams,billboard_81.mp3
billboard_812.jams,billboard_812.mp3
billboard_813.jams,billboard_813.mp3
billboard_815.jams,billboard_815.mp3
billboard_818.jams,billboard_818.mp3
billboard_819.jams,billboard_819.mp3
billboard_823.jams,billboard_823.mp3
billboard_824.jams,billboard_824.mp3
billboard_825.jams,billboard_825.mp3
billboard_828.jams,billboard_828.mp3
billboard_829.jams,billboard_829.mp3
billboard_832.jams,billboard_832.mp3
billboard_833.jams,billboard_833.mp3
billboard_835.jams,billboard_835.mp3
billboard_839.jams,billboard_839.mp3
billboard_842.jams,billboard_842.mp3
billboard_844.jams,billboard_844.mp3
billboard_845.jams,billboard_845.mp3
billboard_848.jams,billboard_848.mp3
billboard_849.jams,billboard_849.mp3
billboard_852.jams,billboard_852.mp3
billboard_853.jams,billboard_853.mp3
billboard_854.jams,billboard_854.mp3
billboard_858.jams,billboard_858.mp3
billboard_859.jams,billboard_859.mp3
billboard_86.jams,billboard_86.mp3
billboard_862.jams,billboard_862.mp3
billboard_864.jams,billboard_864.mp3
billboard_865.jams,billboard_865.mp3
billboard_868.jams,billboard_868.mp3
billboard_869.jams,billboard_869.mp3
billboard_872.jams,billboard_872.mp3
billboard_873.jams,billboard_873.mp3
billboard_874.jams,billboard_874.mp3
billboard_878.jams,billboard_878.mp3
billboard_881.jams,billboard_881.mp3
billboard_886.jams,billboard_886.mp3
billboard_887.jams,billboard_887.mp3
billboard_9.jams,billboard_9.mp3
billboard_90.jams,billboard_90.mp3
billboard_91.jams,billboard_91.mp3
billboard_96.jams,billboard_96.mp3
billboard_97.jams,billboard_97.mp3
